PATIENT_ID,FUTURE_TARGET_ORIGINAL_PROB,FUTURE_TARGET_CALIBRATED_PROB,FUTURE_TARGET_CALIBRATED_PERCENT,FUTURE_TARGET_PREDICTION
SYN-CA-007811,0.92063,0.923495,92.35,1
SYN-CA-007814,0.215011,0.199151,19.92,0
SYN-CA-023836,0.364981,0.349002,34.9,0
SYN-CA-025202,0.950855,0.953518,95.35,1
SYN-CA-000101,0.502134,0.489853,48.99,0
SYN-CA-034708,0.577568,0.568259,56.83,1
SYN-CA-005493,0.175283,0.160501,16.05,0
SYN-CA-024295,0.558151,0.548034,54.8,1
SYN-CA-005956,0.892847,0.895479,89.55,1
SYN-CA-028406,0.964261,0.966617,96.66,1
SYN-CA-025679,0.647843,0.641606,64.16,1
SYN-CA-012508,0.192878,0.177553,17.76,0
SYN-CA-018273,0.423879,0.409147,40.91,0
SYN-CA-011671,0.687672,0.683213,68.32,1
SYN-CA-031745,0.52632,0.514939,51.49,1
SYN-CA-021441,0.338829,0.322498,32.25,0
SYN-CA-020936,0.89454,0.897194,89.72,1
SYN-CA-014463,0.472171,0.45886,45.89,0
SYN-CA-027991,0.203051,0.187461,18.75,0
SYN-CA-009632,0.534037,0.522955,52.3,1
SYN-CA-009780,0.276045,0.259467,25.95,0
SYN-CA-020687,0.190389,0.175134,17.51,0
SYN-CA-023869,0.567956,0.558245,55.82,1
SYN-CA-023870,0.145227,0.131636,13.16,0
SYN-CA-021368,0.520377,0.508769,50.88,1
SYN-CA-004496,0.957252,0.959789,95.98,1
SYN-CA-004499,0.712716,0.70936,70.94,1
SYN-CA-000203,0.090639,0.080224,8.02,0
SYN-CA-000204,0.425814,0.411133,41.11,0
SYN-CA-020583,0.594271,0.585675,58.57,1
SYN-CA-012816,0.257684,0.241214,24.12,0
SYN-CA-031731,0.385998,0.370396,37.04,0
SYN-CA-031734,0.389137,0.373597,37.36,0
SYN-CA-004296,0.70057,0.696681,69.67,1
SYN-CA-029479,0.739761,0.737565,73.76,1
SYN-CA-011127,0.275912,0.259335,25.93,0
SYN-CA-020980,0.750712,0.748973,74.9,1
SYN-CA-012892,0.155876,0.141823,14.18,0
SYN-CA-019348,0.405889,0.390715,39.07,0
SYN-CA-003659,0.927166,0.930033,93.0,1
SYN-CA-007196,0.065536,0.057128,5.71,0
SYN-CA-011406,0.582735,0.573645,57.36,1
SYN-CA-011759,0.389754,0.374227,37.42,0
SYN-CA-011495,0.319432,0.30293,30.29,0
SYN-CA-008929,0.461092,0.447428,44.74,0
SYN-CA-005180,0.101555,0.090385,9.04,0
SYN-CA-002671,0.370121,0.354227,35.42,0
SYN-CA-002675,0.853096,0.854923,85.49,1
SYN-CA-009517,0.574326,0.564881,56.49,1
SYN-CA-029888,0.725261,0.722448,72.24,1
SYN-CA-029889,0.416479,0.401559,40.16,0
SYN-CA-019374,0.171649,0.156993,15.7,0
SYN-CA-001673,0.086729,0.0766,7.66,0
SYN-CA-012547,0.259058,0.242577,24.26,0
SYN-CA-013274,0.431018,0.416475,41.65,0
SYN-CA-010486,0.129911,0.117069,11.71,0
SYN-CA-016996,0.414865,0.399905,39.99,0
SYN-CA-015282,0.819767,0.820615,82.06,1
SYN-CA-020312,0.607662,0.599647,59.96,1
SYN-CA-007686,0.561409,0.551426,55.14,1
SYN-CA-032942,0.233569,0.217379,21.74,0
SYN-CA-007651,0.168484,0.153941,15.39,0
SYN-CA-003534,0.321708,0.305222,30.52,0
SYN-CA-002910,0.517614,0.505902,50.59,1
SYN-CA-017460,0.299525,0.282933,28.29,0
SYN-CA-027947,0.194452,0.179084,17.91,0
SYN-CA-032780,0.210944,0.19517,19.52,0
SYN-CA-017445,0.85217,0.853973,85.4,1
SYN-CA-006838,0.580193,0.570996,57.1,1
SYN-CA-010874,0.71013,0.70666,70.67,1
SYN-CA-027614,0.835647,0.83699,83.7,1
SYN-CA-011829,0.669177,0.663893,66.39,1
SYN-CA-025128,0.841566,0.84308,84.31,1
SYN-CA-025129,0.681173,0.676424,67.64,1
SYN-CA-007972,0.852573,0.854387,85.44,1
SYN-CA-025399,0.952703,0.955333,95.53,1
SYN-CA-019777,0.970762,0.972901,97.29,1
SYN-CA-022900,0.192864,0.17754,17.75,0
SYN-CA-031561,0.901976,0.904719,90.47,1
SYN-CA-031563,0.392793,0.377329,37.73,0
SYN-CA-006663,0.905003,0.907776,90.78,1
SYN-CA-001490,0.692235,0.687978,68.8,1
SYN-CA-028878,0.064894,0.056543,5.65,0
SYN-CA-021465,0.69593,0.691836,69.18,1
SYN-CA-014466,0.882318,0.884783,88.48,1
SYN-CA-014470,0.19633,0.180912,18.09,0
SYN-CA-013522,0.315337,0.298809,29.88,0
SYN-CA-030929,0.162545,0.148225,14.82,0
SYN-CA-020538,0.771078,0.77016,77.02,1
SYN-CA-017975,0.48514,0.472262,47.23,0
SYN-CA-021791,0.928107,0.930973,93.1,1
SYN-CA-021795,0.179065,0.164157,16.42,0
SYN-CA-032296,0.554184,0.543906,54.39,1
SYN-CA-024028,0.426189,0.411517,41.15,0
SYN-CA-000406,0.184096,0.169029,16.9,0
SYN-CA-010161,0.85234,0.854148,85.41,1
SYN-CA-027915,0.543047,0.53232,53.23,1
SYN-CA-000636,0.723112,0.720207,72.02,1
SYN-CA-004292,0.90933,0.91214,91.21,1
SYN-CA-021916,0.694479,0.690321,69.03,1
SYN-CA-002016,0.302571,0.285987,28.6,0
SYN-CA-010025,0.169833,0.155241,15.52,0
SYN-CA-002762,0.362901,0.346889,34.69,0
SYN-CA-033233,0.0657,0.057278,5.73,0
SYN-CA-022277,0.441054,0.426791,42.68,0
SYN-CA-022280,0.926793,0.92966,92.97,1
SYN-CA-033626,0.063977,0.055707,5.57,0
SYN-CA-018237,0.171097,0.15646,15.65,0
SYN-CA-033697,0.661957,0.656351,65.64,1
SYN-CA-015152,0.514079,0.502235,50.22,1
SYN-CA-015154,0.45121,0.437243,43.72,0
SYN-CA-002192,0.278932,0.262346,26.23,0
SYN-CA-000364,0.567874,0.558159,55.82,1
SYN-CA-027498,0.813396,0.814033,81.4,1
SYN-CA-015424,0.899967,0.902689,90.27,1
SYN-CA-017872,0.929187,0.93205,93.21,1
SYN-CA-025021,0.240866,0.224574,22.46,0
SYN-CA-019179,0.773934,0.773128,77.31,1
SYN-CA-006476,0.76877,0.767761,76.78,1
SYN-CA-006478,0.084918,0.074925,7.49,0
SYN-CA-032962,0.85267,0.854486,85.45,1
SYN-CA-023841,0.961296,0.963735,96.37,1
SYN-CA-034588,0.183507,0.168457,16.85,0
SYN-CA-029106,0.929904,0.932765,93.28,1
SYN-CA-024178,0.805543,0.80591,80.59,1
SYN-CA-006004,0.429423,0.414838,41.48,0
SYN-CA-006005,0.692728,0.688492,68.85,1
SYN-CA-022738,0.414488,0.399518,39.95,0
SYN-CA-025062,0.608113,0.600118,60.01,1
SYN-CA-025064,0.06356,0.055328,5.53,0
SYN-CA-011516,0.865779,0.867912,86.79,1
SYN-CA-033884,0.550438,0.540008,54.0,1
SYN-CA-019228,0.162288,0.147978,14.8,0
SYN-CA-015748,0.067468,0.058891,5.89,0
SYN-CA-023969,0.290266,0.273664,27.37,0
SYN-CA-020636,0.665577,0.660132,66.01,1
SYN-CA-003295,0.945352,0.948096,94.81,1
SYN-CA-021374,0.874332,0.876647,87.66,1
SYN-CA-000069,0.310466,0.293912,29.39,0
SYN-CA-017127,0.266097,0.249567,24.96,0
SYN-CA-019387,0.336652,0.320298,32.03,0
SYN-CA-007699,0.176168,0.161356,16.14,0
SYN-CA-033538,0.900276,0.903001,90.3,1
SYN-CA-007038,0.065859,0.057422,5.74,0
SYN-CA-010826,0.852981,0.854805,85.48,1
SYN-CA-003938,0.851476,0.85326,85.33,1
SYN-CA-005201,0.181602,0.166612,16.66,0
SYN-CA-017949,0.872724,0.875007,87.5,1
SYN-CA-011017,0.407906,0.392779,39.28,0
SYN-CA-011019,0.367124,0.351179,35.12,0
SYN-CA-001727,0.237648,0.2214,22.14,0
SYN-CA-024383,0.412307,0.397285,39.73,0
SYN-CA-007083,0.188576,0.173374,17.34,0
SYN-CA-002401,0.354941,0.338811,33.88,0
SYN-CA-023766,0.612816,0.605026,60.5,1
SYN-CA-013404,0.269328,0.25278,25.28,0
SYN-CA-032345,0.854295,0.856152,85.62,1
SYN-CA-024305,0.48895,0.476203,47.62,0
SYN-CA-017630,0.439078,0.424759,42.48,0
SYN-CA-034011,0.538101,0.527179,52.72,1
SYN-CA-034014,0.281271,0.264679,26.47,0
SYN-CA-030672,0.437425,0.423059,42.31,0
SYN-CA-030673,0.521227,0.509652,50.97,1
SYN-CA-019762,0.683006,0.678338,67.83,1
SYN-CA-023194,0.444201,0.430027,43.0,0
SYN-CA-012097,0.641444,0.634922,63.49,1
SYN-CA-023556,0.079013,0.069476,6.95,0
SYN-CA-030809,0.254452,0.238011,23.8,0
SYN-CA-007301,0.498453,0.48604,48.6,0
SYN-CA-005894,0.64155,0.635032,63.5,1
SYN-CA-011567,0.352991,0.336834,33.68,0
SYN-CA-019041,0.549426,0.538955,53.9,1
SYN-CA-032004,0.184058,0.168992,16.9,0
SYN-CA-023593,0.95293,0.955555,95.56,1
SYN-CA-000003,0.218237,0.202313,20.23,0
SYN-CA-024064,0.163877,0.149506,14.95,0
SYN-CA-024065,0.489086,0.476343,47.63,0
SYN-CA-023454,0.524411,0.512957,51.3,1
SYN-CA-013123,0.417506,0.402611,40.26,0
SYN-CA-024861,0.926473,0.929341,92.93,1
SYN-CA-001825,0.361226,0.345188,34.52,0
SYN-CA-023250,0.283325,0.266728,26.67,0
SYN-CA-006883,0.171786,0.157125,15.71,0
SYN-CA-001905,0.650362,0.644237,64.42,1
SYN-CA-017494,0.797097,0.797164,79.72,1
SYN-CA-006494,0.34198,0.325684,32.57,0
SYN-CA-019233,0.767804,0.766756,76.68,1
SYN-CA-024175,0.33901,0.32268,32.27,0
SYN-CA-031984,0.717154,0.71399,71.4,1
SYN-CA-004399,0.507073,0.494971,49.5,0
SYN-CA-000331,0.622169,0.614791,61.48,1
SYN-CA-000333,0.405046,0.389852,38.99,0
SYN-CA-016196,0.276768,0.260188,26.02,0
SYN-CA-010431,0.81938,0.820215,82.02,1
SYN-CA-030089,0.545454,0.534824,53.48,1
SYN-CA-008797,0.887817,0.890374,89.04,1
SYN-CA-024921,0.171421,0.156772,15.68,0
SYN-CA-033611,0.239845,0.223566,22.36,0
SYN-CA-029317,0.359446,0.343381,34.34,0
SYN-CA-015234,0.46582,0.452304,45.23,0
SYN-CA-017022,0.574554,0.565118,56.51,1
SYN-CA-032740,0.760532,0.759193,75.92,1
SYN-CA-000011,0.463678,0.450095,45.01,0
SYN-CA-020843,0.086594,0.076475,7.65,0
SYN-CA-031401,0.217197,0.201293,20.13,0
SYN-CA-029377,0.626045,0.618838,61.88,1
SYN-CA-016234,0.094176,0.083509,8.35,0
SYN-CA-016194,0.141531,0.128112,12.81,0
SYN-CA-032060,0.37754,0.361776,36.18,0
SYN-CA-021448,0.238531,0.22227,22.23,0
SYN-CA-021449,0.76334,0.762115,76.21,1
SYN-CA-016946,0.06353,0.055301,5.53,0
SYN-CA-023497,0.299736,0.283145,28.31,0
SYN-CA-015203,0.177136,0.162292,16.23,0
SYN-CA-024531,0.585569,0.5766,57.66,1
SYN-CA-022333,0.441669,0.427423,42.74,0
SYN-CA-006376,0.205636,0.189984,19.0,0
SYN-CA-010655,0.546509,0.53592,53.59,1
SYN-CA-030719,0.279162,0.262575,26.26,0
SYN-CA-024980,0.484648,0.471753,47.18,0
SYN-CA-013303,0.305868,0.289295,28.93,0
SYN-CA-002150,0.287681,0.271079,27.11,0
SYN-CA-007984,0.852353,0.854161,85.42,1
SYN-CA-015644,0.970376,0.972529,97.25,1
SYN-CA-007523,0.214715,0.198861,19.89,0
SYN-CA-003355,0.31661,0.30009,30.01,0
SYN-CA-012519,0.900001,0.902723,90.27,1
SYN-CA-004217,0.204477,0.188852,18.89,0
SYN-CA-004621,0.576358,0.566998,56.7,1
SYN-CA-007937,0.504817,0.492632,49.26,0
SYN-CA-032113,0.36273,0.346715,34.67,0
SYN-CA-018569,0.55879,0.5487,54.87,1
SYN-CA-014067,0.73969,0.737491,73.75,1
SYN-CA-000940,0.091709,0.081216,8.12,0
SYN-CA-016240,0.135717,0.122579,12.26,0
SYN-CA-029214,0.887389,0.889939,88.99,1
SYN-CA-029215,0.391159,0.375661,37.57,0
SYN-CA-006455,0.568775,0.559098,55.91,1
SYN-CA-011688,0.704159,0.700428,70.04,1
SYN-CA-016504,0.249364,0.232973,23.3,0
SYN-CA-007026,0.510135,0.498145,49.81,0
SYN-CA-006557,0.273434,0.256867,25.69,0
SYN-CA-015743,0.289272,0.27267,27.27,0
SYN-CA-015744,0.251127,0.234717,23.47,0
SYN-CA-021093,0.676745,0.671799,67.18,1
SYN-CA-020209,0.144855,0.131282,13.13,0
SYN-CA-024995,0.189852,0.174613,17.46,0
SYN-CA-002277,0.777066,0.776382,77.64,1
SYN-CA-007361,0.729951,0.727339,72.73,1
SYN-CA-029247,0.407489,0.392351,39.24,0
SYN-CA-004429,0.488056,0.475278,47.53,0
SYN-CA-030694,0.145364,0.131768,13.18,0
SYN-CA-019049,0.09025,0.079862,7.99,0
SYN-CA-019050,0.971522,0.973633,97.36,1
SYN-CA-016529,0.405739,0.390561,39.06,0
SYN-CA-024416,0.149509,0.135727,13.57,0
SYN-CA-033506,0.470542,0.457178,45.72,0
SYN-CA-022694,0.919672,0.922534,92.25,1
SYN-CA-013298,0.317572,0.301057,30.11,0
SYN-CA-028957,0.266475,0.249942,24.99,0
SYN-CA-028959,0.861298,0.863328,86.33,1
SYN-CA-005446,0.160703,0.146455,14.65,0
SYN-CA-026503,0.247212,0.230843,23.08,0
SYN-CA-020611,0.099171,0.08816,8.82,0
SYN-CA-029636,0.721022,0.718027,71.8,1
SYN-CA-029639,0.527876,0.516555,51.66,1
SYN-CA-013245,0.051655,0.044548,4.45,0
SYN-CA-016523,0.902668,0.905418,90.54,1
SYN-CA-013668,0.968805,0.971015,97.1,1
SYN-CA-015144,0.452624,0.438699,43.87,0
SYN-CA-008824,0.720067,0.71703,71.7,1
SYN-CA-020619,0.074235,0.065085,6.51,0
SYN-CA-029490,0.377826,0.362067,36.21,0
SYN-CA-008569,0.331308,0.3149,31.49,0
SYN-CA-017468,0.183729,0.168673,16.87,0
SYN-CA-020549,0.371569,0.355699,35.57,0
SYN-CA-019771,0.052274,0.045106,4.51,0
SYN-CA-007769,0.398965,0.383634,38.36,0
SYN-CA-012002,0.159561,0.145358,14.54,0
SYN-CA-006421,0.263083,0.246573,24.66,0
SYN-CA-012796,0.233847,0.217653,21.77,0
SYN-CA-006217,0.346619,0.330378,33.04,0
SYN-CA-020066,0.055313,0.047848,4.78,0
SYN-CA-023123,0.505344,0.493178,49.32,0
SYN-CA-023214,0.165098,0.15068,15.07,0
SYN-CA-032761,0.780444,0.77989,77.99,1
SYN-CA-011295,0.567904,0.558191,55.82,1
SYN-CA-008890,0.536403,0.525414,52.54,1
SYN-CA-022438,0.152931,0.139001,13.9,0
SYN-CA-019665,0.811737,0.812318,81.23,1
SYN-CA-031012,0.535438,0.524411,52.44,1
SYN-CA-028278,0.197225,0.181782,18.18,0
SYN-CA-005021,0.211322,0.195541,19.55,0
SYN-CA-001761,0.251859,0.235442,23.54,0
SYN-CA-001763,0.264306,0.247787,24.78,0
SYN-CA-001006,0.634943,0.628131,62.81,1
SYN-CA-014790,0.350728,0.33454,33.45,0
SYN-CA-034841,0.837387,0.838782,83.88,1
SYN-CA-008741,0.160039,0.145818,14.58,0
SYN-CA-029039,0.248876,0.23249,23.25,0
SYN-CA-011574,0.2945,0.2779,27.79,0
SYN-CA-017812,0.073636,0.064535,6.45,0
SYN-CA-017813,0.073699,0.064592,6.46,0
SYN-CA-001963,0.850246,0.851999,85.2,1
SYN-CA-003335,0.795708,0.795724,79.57,1
SYN-CA-026011,0.147343,0.133658,13.37,0
SYN-CA-011267,0.362316,0.346295,34.63,0
SYN-CA-023032,0.944322,0.947079,94.71,1
SYN-CA-033298,0.388268,0.372711,37.27,0
SYN-CA-031867,0.49729,0.484836,48.48,0
SYN-CA-022458,0.920629,0.923494,92.35,1
SYN-CA-018321,0.691482,0.687192,68.72,1
SYN-CA-034058,0.802632,0.802897,80.29,1
SYN-CA-011143,0.797855,0.797949,79.79,1
SYN-CA-027142,0.695273,0.69115,69.12,1
SYN-CA-002358,0.827053,0.828134,82.81,1
SYN-CA-010480,0.389509,0.373977,37.4,0
SYN-CA-004572,0.370996,0.355116,35.51,0
SYN-CA-006844,0.327797,0.311359,31.14,0
SYN-CA-028529,0.289904,0.273302,27.33,0
SYN-CA-030285,0.913792,0.91663,91.66,1
SYN-CA-019115,0.947683,0.950396,95.04,1
SYN-CA-030313,0.919341,0.922202,92.22,1
SYN-CA-006543,0.859117,0.861095,86.11,1
SYN-CA-033388,0.911713,0.914539,91.45,1
SYN-CA-008727,0.888541,0.891109,89.11,1
SYN-CA-000424,0.161422,0.147146,14.71,0
SYN-CA-034621,0.199525,0.184023,18.4,0
SYN-CA-022301,0.234732,0.218525,21.85,0
SYN-CA-011175,0.187524,0.172353,17.24,0
SYN-CA-025966,0.623895,0.616593,61.66,1
SYN-CA-027316,0.172062,0.157391,15.74,0
SYN-CA-030874,0.970476,0.972626,97.26,1
SYN-CA-012914,0.123143,0.110666,11.07,0
SYN-CA-005884,0.889664,0.892249,89.22,1
SYN-CA-004827,0.173645,0.158919,15.89,0
SYN-CA-012364,0.358937,0.342865,34.29,0
SYN-CA-024074,0.49055,0.477859,47.79,0
SYN-CA-016007,0.693808,0.68962,68.96,1
SYN-CA-023579,0.117193,0.105053,10.51,0
SYN-CA-004143,0.743676,0.741644,74.16,1
SYN-CA-021582,0.667254,0.661884,66.19,1
SYN-CA-021583,0.344107,0.327836,32.78,0
SYN-CA-007504,0.324393,0.307927,30.79,0
SYN-CA-003087,0.339718,0.323396,32.34,0
SYN-CA-032913,0.26385,0.247335,24.73,0
SYN-CA-009605,0.8929,0.895533,89.55,1
SYN-CA-007406,0.462933,0.449325,44.93,0
SYN-CA-027711,0.401065,0.385781,38.58,0
SYN-CA-027713,0.770598,0.769661,76.97,1
SYN-CA-003862,0.1591,0.144916,14.49,0
SYN-CA-026194,0.363834,0.347837,34.78,0
SYN-CA-008167,0.892195,0.894818,89.48,1
SYN-CA-025249,0.388816,0.37327,37.33,0
SYN-CA-009061,0.899636,0.902354,90.24,1
SYN-CA-022862,0.305578,0.289004,28.9,0
SYN-CA-022865,0.818712,0.819526,81.95,1
SYN-CA-006528,0.315949,0.299425,29.94,0
SYN-CA-028399,0.909979,0.912793,91.28,1
SYN-CA-007420,0.444146,0.429971,43.0,0
SYN-CA-006080,0.059425,0.051571,5.16,0
SYN-CA-028873,0.444725,0.430567,43.06,0
SYN-CA-007597,0.414267,0.399293,39.93,0
SYN-CA-003810,0.423239,0.408491,40.85,0
SYN-CA-008947,0.099674,0.088629,8.86,0
SYN-CA-002807,0.834709,0.836024,83.6,1
SYN-CA-034820,0.602269,0.594019,59.4,1
SYN-CA-034951,0.112028,0.100195,10.02,0
SYN-CA-002993,0.887062,0.889606,88.96,1
SYN-CA-016263,0.269415,0.252866,25.29,0
SYN-CA-002251,0.508531,0.496482,49.65,0
SYN-CA-002252,0.203456,0.187855,18.79,0
SYN-CA-020746,0.471755,0.45843,45.84,0
SYN-CA-030707,0.053012,0.045771,4.58,0
SYN-CA-001498,0.792902,0.792816,79.28,1
SYN-CA-002463,0.672376,0.667234,66.72,1
SYN-CA-031618,0.663942,0.658424,65.84,1
SYN-CA-001163,0.209556,0.193813,19.38,0
SYN-CA-017008,0.260069,0.24358,24.36,0
SYN-CA-032881,0.376823,0.361046,36.1,0
SYN-CA-021202,0.214071,0.198231,19.82,0
SYN-CA-021204,0.14251,0.129046,12.9,0
SYN-CA-016345,0.188548,0.173347,17.33,0
SYN-CA-012678,0.289196,0.272594,27.26,0
SYN-CA-007929,0.900312,0.903037,90.3,1
SYN-CA-018025,0.256789,0.240327,24.03,0
SYN-CA-024238,0.772367,0.7715,77.15,1
SYN-CA-024240,0.483935,0.471016,47.1,0
SYN-CA-004167,0.247604,0.231232,23.12,0
SYN-CA-007519,0.86735,0.869518,86.95,1
SYN-CA-011263,0.336122,0.319762,31.98,0
SYN-CA-010910,0.905297,0.908073,90.81,1
SYN-CA-020317,0.7839,0.783478,78.35,1
SYN-CA-020320,0.747984,0.746131,74.61,1
SYN-CA-000100,0.31628,0.299758,29.98,0
SYN-CA-029012,0.959867,0.962342,96.23,1
SYN-CA-019007,0.223301,0.207281,20.73,0
SYN-CA-012967,0.860159,0.862161,86.22,1
SYN-CA-008680,0.92241,0.925277,92.53,1
SYN-CA-027974,0.220045,0.204086,20.41,0
SYN-CA-003055,0.200551,0.185023,18.5,0
SYN-CA-016696,0.234109,0.217911,21.79,0
SYN-CA-019782,0.36817,0.352242,35.22,0
SYN-CA-003008,0.693301,0.689091,68.91,1
SYN-CA-004729,0.457039,0.443249,44.32,0
SYN-CA-000288,0.466916,0.453435,45.34,0
SYN-CA-020703,0.635581,0.628798,62.88,1
SYN-CA-006704,0.118334,0.106128,10.61,0
SYN-CA-014611,0.800195,0.800374,80.04,1
SYN-CA-013912,0.532641,0.521505,52.15,1
SYN-CA-028442,0.166754,0.152274,15.23,0
SYN-CA-015291,0.078809,0.069289,6.93,0
SYN-CA-008368,0.152363,0.138458,13.85,0
SYN-CA-011869,0.4961,0.483603,48.36,0
SYN-CA-025257,0.256093,0.239637,23.96,0
SYN-CA-025694,0.318548,0.30204,30.2,0
SYN-CA-005588,0.399497,0.384178,38.42,0
SYN-CA-016819,0.056962,0.049339,4.93,0
SYN-CA-014316,0.900281,0.903006,90.3,1
SYN-CA-014633,0.215013,0.199153,19.92,0
SYN-CA-007897,0.400755,0.385463,38.55,0
SYN-CA-002541,0.911906,0.914733,91.47,1
SYN-CA-034539,0.522865,0.511352,51.14,1
SYN-CA-007684,0.691122,0.686815,68.68,1
SYN-CA-031308,0.328785,0.312355,31.24,0
SYN-CA-027438,0.83313,0.834397,83.44,1
SYN-CA-003840,0.232259,0.216089,21.61,0
SYN-CA-028857,0.349352,0.333146,33.31,0
SYN-CA-016706,0.665102,0.659636,65.96,1
SYN-CA-016004,0.733713,0.731261,73.13,1
SYN-CA-023169,0.580365,0.571175,57.12,1
SYN-CA-032323,0.842691,0.844237,84.42,1
SYN-CA-022682,0.333106,0.316716,31.67,0
SYN-CA-032197,0.55986,0.549814,54.98,1
SYN-CA-015412,0.841482,0.842994,84.3,1
SYN-CA-009896,0.624677,0.61741,61.74,1
SYN-CA-016162,0.274738,0.258165,25.82,0
SYN-CA-019150,0.2267,0.21062,21.06,0
SYN-CA-034685,0.233682,0.21749,21.75,0
SYN-CA-025296,0.301921,0.285335,28.53,0
SYN-CA-009738,0.965933,0.968238,96.82,1
SYN-CA-017325,0.77787,0.777217,77.72,1
SYN-CA-008696,0.788032,0.787765,78.78,1
SYN-CA-008699,0.805962,0.806344,80.63,1
SYN-CA-030805,0.150787,0.13695,13.69,0
SYN-CA-015726,0.192544,0.177229,17.72,0
SYN-CA-019265,0.60733,0.5993,59.93,1
SYN-CA-029757,0.812898,0.813518,81.35,1
SYN-CA-029759,0.821653,0.822562,82.26,1
SYN-CA-005172,0.941831,0.944616,94.46,1
SYN-CA-031842,0.404428,0.389219,38.92,0
SYN-CA-010377,0.414578,0.399611,39.96,0
SYN-CA-011834,0.164678,0.150276,15.03,0
SYN-CA-031289,0.386489,0.370896,37.09,0
SYN-CA-000982,0.074636,0.065452,6.55,0
SYN-CA-004775,0.885979,0.888506,88.85,1
SYN-CA-008092,0.959279,0.961768,96.18,1
SYN-CA-019684,0.87366,0.875962,87.6,1
SYN-CA-028984,0.170791,0.156165,15.62,0
SYN-CA-032071,0.842168,0.843699,84.37,1
SYN-CA-011415,0.149435,0.135656,13.57,0
SYN-CA-016130,0.769757,0.768787,76.88,1
SYN-CA-013449,0.261171,0.244674,24.47,0
SYN-CA-019257,0.758379,0.756953,75.7,1
SYN-CA-007231,0.440643,0.426368,42.64,0
SYN-CA-001228,0.204476,0.188851,18.89,0
SYN-CA-004878,0.934463,0.937305,93.73,1
SYN-CA-028382,0.433099,0.418613,41.86,0
SYN-CA-007488,0.68051,0.675732,67.57,1
SYN-CA-014431,0.370376,0.354486,35.45,0
SYN-CA-034291,0.279268,0.262681,26.27,0
SYN-CA-031986,0.501811,0.489518,48.95,0
SYN-CA-000194,0.092167,0.081642,8.16,0
SYN-CA-016027,0.46407,0.450499,45.05,0
SYN-CA-013257,0.269977,0.253425,25.34,0
SYN-CA-001630,0.554232,0.543955,54.4,1
SYN-CA-021992,0.732531,0.730029,73.0,1
SYN-CA-021995,0.199841,0.18433,18.43,0
SYN-CA-026537,0.296962,0.280366,28.04,0
SYN-CA-015228,0.346694,0.330454,33.05,0
SYN-CA-003322,0.159843,0.145629,14.56,0
SYN-CA-006898,0.901959,0.904703,90.47,1
SYN-CA-007588,0.598323,0.589902,58.99,1
SYN-CA-010186,0.230488,0.214346,21.43,0
SYN-CA-018147,0.906099,0.908882,90.89,1
SYN-CA-003074,0.772402,0.771536,77.15,1
SYN-CA-030552,0.878775,0.881176,88.12,1
SYN-CA-031861,0.143252,0.129752,12.98,0
SYN-CA-015277,0.719638,0.716582,71.66,1
SYN-CA-015541,0.914093,0.916933,91.69,1
SYN-CA-033100,0.943364,0.946133,94.61,1
SYN-CA-009203,0.484617,0.471721,47.17,0
SYN-CA-012142,0.915634,0.918481,91.85,1
SYN-CA-012144,0.740846,0.738696,73.87,1
SYN-CA-017297,0.655477,0.649581,64.96,1
SYN-CA-030247,0.441887,0.427648,42.76,0
SYN-CA-032638,0.235494,0.219276,21.93,0
SYN-CA-029429,0.603073,0.594858,59.49,1
SYN-CA-007574,0.50453,0.492336,49.23,0
SYN-CA-012346,0.789269,0.789048,78.9,1
SYN-CA-005258,0.321827,0.305342,30.53,0
SYN-CA-003042,0.069109,0.06039,6.04,0
SYN-CA-034575,0.97824,0.980061,98.01,1
SYN-CA-009462,0.664034,0.65852,65.85,1
SYN-CA-021998,0.469083,0.455672,45.57,0
SYN-CA-029291,0.119215,0.106958,10.7,0
SYN-CA-003423,0.278137,0.261553,26.16,0
SYN-CA-000477,0.796173,0.796206,79.62,1
SYN-CA-026379,0.797854,0.797948,79.79,1
SYN-CA-021967,0.273057,0.256491,25.65,0
SYN-CA-019571,0.113946,0.101997,10.2,0
SYN-CA-030574,0.264541,0.248021,24.8,0
SYN-CA-009941,0.258889,0.242409,24.24,0
SYN-CA-032670,0.462291,0.448664,44.87,0
SYN-CA-005113,0.546287,0.53569,53.57,1
SYN-CA-022163,0.308481,0.291919,29.19,0
SYN-CA-022165,0.252114,0.235694,23.57,0
SYN-CA-021798,0.943163,0.945934,94.59,1
SYN-CA-015237,0.878299,0.880691,88.07,1
SYN-CA-023379,0.087775,0.077568,7.76,0
SYN-CA-031168,0.863358,0.865436,86.54,1
SYN-CA-015086,0.175668,0.160873,16.09,0
SYN-CA-023979,0.903761,0.906523,90.65,1
SYN-CA-030045,0.521183,0.509606,50.96,1
SYN-CA-033477,0.298525,0.281931,28.19,0
SYN-CA-016558,0.812815,0.813433,81.34,1
SYN-CA-000213,0.435634,0.421218,42.12,0
SYN-CA-004780,0.909089,0.911897,91.19,1
SYN-CA-034256,0.968132,0.970365,97.04,1
SYN-CA-013968,0.102935,0.091675,9.17,0
SYN-CA-034246,0.239294,0.223022,22.3,0
SYN-CA-018221,0.660606,0.654939,65.49,1
SYN-CA-018223,0.67561,0.670613,67.06,1
SYN-CA-004576,0.535295,0.524262,52.43,1
SYN-CA-004579,0.97774,0.979584,97.96,1
SYN-CA-003267,0.753906,0.752298,75.23,1
SYN-CA-012689,0.645223,0.638869,63.89,1
SYN-CA-017538,0.936916,0.939744,93.97,1
SYN-CA-027908,0.681495,0.67676,67.68,1
SYN-CA-034234,0.645767,0.639437,63.94,1
SYN-CA-009412,0.087504,0.077318,7.73,0
SYN-CA-028924,0.906615,0.909402,90.94,1
SYN-CA-019955,0.383244,0.367587,36.76,0
SYN-CA-030893,0.814542,0.815218,81.52,1
SYN-CA-009277,0.890097,0.892689,89.27,1
SYN-CA-030983,0.78272,0.782252,78.23,1
SYN-CA-010739,0.324372,0.307905,30.79,0
SYN-CA-010329,0.721701,0.718735,71.87,1
SYN-CA-017676,0.362605,0.346588,34.66,0
SYN-CA-003026,0.4046,0.389396,38.94,0
SYN-CA-017139,0.780272,0.779711,77.97,1
SYN-CA-011246,0.81882,0.819637,81.96,1
SYN-CA-014893,0.500167,0.487815,48.78,0
SYN-CA-003908,0.366554,0.3506,35.06,0
SYN-CA-027927,0.585229,0.576246,57.62,1
SYN-CA-010511,0.631566,0.624604,62.46,1
SYN-CA-032116,0.528398,0.517097,51.71,1
SYN-CA-028765,0.928415,0.93128,93.13,1
SYN-CA-016991,0.228731,0.212618,21.26,0
SYN-CA-030941,0.62372,0.61641,61.64,1
SYN-CA-015965,0.786076,0.785735,78.57,1
SYN-CA-015003,0.071386,0.062473,6.25,0
SYN-CA-004047,0.328387,0.311954,31.2,0
SYN-CA-009057,0.618131,0.610575,61.06,1
SYN-CA-029783,0.063927,0.055662,5.57,0
SYN-CA-029785,0.791457,0.791317,79.13,1
SYN-CA-032531,0.262651,0.246143,24.61,0
SYN-CA-007712,0.124354,0.11181,11.18,0
SYN-CA-007130,0.395305,0.379894,37.99,0
SYN-CA-005155,0.280117,0.263527,26.35,0
SYN-CA-027619,0.099873,0.088815,8.88,0
SYN-CA-027620,0.528501,0.517205,51.72,1
SYN-CA-018374,0.940354,0.943153,94.32,1
SYN-CA-031721,0.404387,0.389178,38.92,0
SYN-CA-012674,0.603913,0.595734,59.57,1
SYN-CA-031667,0.15468,0.140677,14.07,0
SYN-CA-028058,0.412783,0.397772,39.78,0
SYN-CA-030187,0.230368,0.214228,21.42,0
SYN-CA-005684,0.864636,0.866743,86.67,1
SYN-CA-009503,0.736004,0.733649,73.36,1
SYN-CA-012611,0.39714,0.381769,38.18,0
SYN-CA-025154,0.15154,0.13767,13.77,0
SYN-CA-025155,0.238649,0.222387,22.24,0
SYN-CA-032439,0.92463,0.927498,92.75,1
SYN-CA-034693,0.721741,0.718776,71.88,1
SYN-CA-026040,0.890897,0.893501,89.35,1
SYN-CA-009936,0.075528,0.066272,6.63,0
SYN-CA-025123,0.297112,0.280516,28.05,0
SYN-CA-001894,0.40284,0.387595,38.76,0
SYN-CA-003283,0.931152,0.93401,93.4,1
SYN-CA-023198,0.868896,0.871098,87.11,1
SYN-CA-023199,0.285673,0.269073,26.91,0
SYN-CA-009150,0.860314,0.862321,86.23,1
SYN-CA-030508,0.632046,0.625105,62.51,1
SYN-CA-033685,0.260066,0.243577,24.36,0
SYN-CA-013159,0.165156,0.150737,15.07,0
SYN-CA-034031,0.485135,0.472257,47.23,0
SYN-CA-010931,0.277371,0.260789,26.08,0
SYN-CA-018989,0.414381,0.399409,39.94,0
SYN-CA-004362,0.908192,0.910993,91.1,1
SYN-CA-004364,0.44522,0.431076,43.11,0
SYN-CA-030178,0.582234,0.573123,57.31,1
SYN-CA-006410,0.273205,0.256639,25.66,0
SYN-CA-000488,0.881647,0.884101,88.41,1
SYN-CA-033924,0.192015,0.176715,17.67,0
SYN-CA-033925,0.129742,0.116909,11.69,0
SYN-CA-005866,0.456872,0.443077,44.31,0
SYN-CA-033670,0.916142,0.918992,91.9,1
SYN-CA-012877,0.257879,0.241407,24.14,0
SYN-CA-000217,0.420023,0.405192,40.52,0
SYN-CA-004968,0.149761,0.135968,13.6,0
SYN-CA-009775,0.962698,0.965099,96.51,1
SYN-CA-003893,0.202558,0.18698,18.7,0
SYN-CA-021789,0.26366,0.247145,24.71,0
SYN-CA-012031,0.293375,0.276775,27.68,0
SYN-CA-001291,0.945569,0.94831,94.83,1
SYN-CA-017012,0.940928,0.943722,94.37,1
SYN-CA-019520,0.364828,0.348846,34.88,0
SYN-CA-017195,0.343425,0.327146,32.71,0
SYN-CA-026860,0.839375,0.840827,84.08,1
SYN-CA-014620,0.627047,0.619884,61.99,1
SYN-CA-016938,0.480834,0.46781,46.78,0
SYN-CA-017624,0.069923,0.061133,6.11,0
SYN-CA-004861,0.956215,0.958775,95.88,1
SYN-CA-001717,0.326914,0.310468,31.05,0
SYN-CA-005350,0.77807,0.777425,77.74,1
SYN-CA-001277,0.263408,0.246895,24.69,0
SYN-CA-019299,0.117466,0.10531,10.53,0
SYN-CA-018506,0.667327,0.66196,66.2,1
SYN-CA-011984,0.301601,0.285015,28.5,0
SYN-CA-008903,0.070745,0.061886,6.19,0
SYN-CA-021881,0.173521,0.158799,15.88,0
SYN-CA-008180,0.504114,0.491905,49.19,0
SYN-CA-014880,0.350732,0.334544,33.45,0
SYN-CA-004256,0.818972,0.819794,81.98,1
SYN-CA-028912,0.59548,0.586936,58.69,1
SYN-CA-008005,0.22836,0.212252,21.23,0
SYN-CA-013047,0.559145,0.549069,54.91,1
SYN-CA-022138,0.372238,0.356379,35.64,0
SYN-CA-002514,0.356724,0.340619,34.06,0
SYN-CA-011668,0.896242,0.898919,89.89,1
SYN-CA-021954,0.321216,0.304726,30.47,0
SYN-CA-019116,0.958675,0.961179,96.12,1
SYN-CA-024356,0.550457,0.540028,54.0,1
SYN-CA-031187,0.839082,0.840526,84.05,1
SYN-CA-029957,0.061462,0.05342,5.34,0
SYN-CA-029958,0.276812,0.260231,26.02,0
SYN-CA-017991,0.205764,0.190108,19.01,0
SYN-CA-011002,0.672139,0.666987,66.7,1
SYN-CA-002038,0.129686,0.116856,11.69,0
SYN-CA-009493,0.61521,0.607525,60.75,1
SYN-CA-008818,0.4527,0.438778,43.88,0
SYN-CA-007888,0.41231,0.397288,39.73,0
SYN-CA-016892,0.190678,0.175415,17.54,0
SYN-CA-004267,0.977316,0.97918,97.92,1
SYN-CA-026649,0.104452,0.093093,9.31,0
SYN-CA-003432,0.274515,0.257943,25.79,0
SYN-CA-026247,0.952977,0.955602,95.56,1
SYN-CA-024367,0.21086,0.195089,19.51,0
SYN-CA-005592,0.797522,0.797604,79.76,1
SYN-CA-003372,0.797242,0.797314,79.73,1
SYN-CA-025639,0.960184,0.962652,96.27,1
SYN-CA-021021,0.110076,0.098362,9.84,0
SYN-CA-028105,0.572493,0.562971,56.3,1
SYN-CA-024128,0.079068,0.069527,6.95,0
SYN-CA-031683,0.810237,0.810767,81.08,1
SYN-CA-004982,0.531108,0.519912,51.99,1
SYN-CA-014799,0.801286,0.801503,80.15,1
SYN-CA-006734,0.851486,0.853271,85.33,1
SYN-CA-010027,0.3527,0.336539,33.65,0
SYN-CA-009183,0.152875,0.138948,13.89,0
SYN-CA-034938,0.354188,0.338047,33.8,0
SYN-CA-008306,0.176498,0.161674,16.17,0
SYN-CA-003366,0.776089,0.775366,77.54,1
SYN-CA-011630,0.227446,0.211354,21.14,0
SYN-CA-031750,0.691058,0.686749,68.67,1
SYN-CA-031173,0.438561,0.424227,42.42,0
SYN-CA-019109,0.389872,0.374347,37.43,0
SYN-CA-024353,0.649907,0.643762,64.38,1
SYN-CA-011663,0.270245,0.253692,25.37,0
SYN-CA-014584,0.893246,0.895883,89.59,1
SYN-CA-009346,0.474695,0.461467,46.15,0
SYN-CA-001411,0.245719,0.229368,22.94,0
SYN-CA-027476,0.716476,0.713283,71.33,1
SYN-CA-021576,0.434123,0.419665,41.97,0
SYN-CA-020173,0.159608,0.145404,14.54,0
SYN-CA-011678,0.682885,0.678212,67.82,1
SYN-CA-023564,0.154858,0.140847,14.08,0
SYN-CA-021257,0.52338,0.511887,51.19,1
SYN-CA-025905,0.961109,0.963552,96.36,1
SYN-CA-005659,0.285692,0.269092,26.91,0
SYN-CA-019437,0.170939,0.156308,15.63,0
SYN-CA-006888,0.912518,0.915349,91.53,1
SYN-CA-021185,0.744353,0.74235,74.23,1
SYN-CA-028716,0.176207,0.161393,16.14,0
SYN-CA-002378,0.207589,0.191891,19.19,0
SYN-CA-006251,0.333897,0.317515,31.75,0
SYN-CA-000632,0.191112,0.175836,17.58,0
SYN-CA-033176,0.077093,0.06771,6.77,0
SYN-CA-013349,0.573212,0.56372,56.37,1
SYN-CA-013350,0.872532,0.87481,87.48,1
SYN-CA-003956,0.273253,0.256686,25.67,0
SYN-CA-022507,0.365778,0.349812,34.98,0
SYN-CA-017061,0.160309,0.146076,14.61,0
SYN-CA-011499,0.125889,0.113261,11.33,0
SYN-CA-019829,0.941501,0.944289,94.43,1
SYN-CA-030615,0.357378,0.341282,34.13,0
SYN-CA-011104,0.396795,0.381417,38.14,0
SYN-CA-022633,0.277914,0.261331,26.13,0
SYN-CA-034880,0.962094,0.964511,96.45,1
SYN-CA-011527,0.238796,0.222532,22.25,0
SYN-CA-008200,0.064342,0.05604,5.6,0
SYN-CA-032522,0.852622,0.854437,85.44,1
SYN-CA-002336,0.444491,0.430327,43.03,0
SYN-CA-020920,0.230734,0.214588,21.46,0
SYN-CA-015390,0.220297,0.204333,20.43,0
SYN-CA-009912,0.504529,0.492334,49.23,0
SYN-CA-016202,0.662167,0.65657,65.66,1
SYN-CA-003124,0.555304,0.545071,54.51,1
SYN-CA-013016,0.434376,0.419925,41.99,0
SYN-CA-032493,0.371055,0.355176,35.52,0
SYN-CA-015862,0.140258,0.126899,12.69,0
SYN-CA-009115,0.362652,0.346636,34.66,0
SYN-CA-017882,0.54006,0.529215,52.92,1
SYN-CA-021712,0.3076,0.291034,29.1,0
SYN-CA-009311,0.104544,0.093179,9.32,0
SYN-CA-025301,0.290426,0.273824,27.38,0
SYN-CA-012102,0.934828,0.937668,93.77,1
SYN-CA-031792,0.729654,0.727029,72.7,1
SYN-CA-031795,0.845016,0.846627,84.66,1
SYN-CA-031521,0.208677,0.192954,19.3,0
SYN-CA-005222,0.910574,0.913393,91.34,1
SYN-CA-014526,0.352707,0.336546,33.65,0
SYN-CA-009749,0.418216,0.40334,40.33,0
SYN-CA-028784,0.321465,0.304977,30.5,0
SYN-CA-002261,0.365295,0.349321,34.93,0
SYN-CA-001204,0.308435,0.291872,29.19,0
SYN-CA-034129,0.916221,0.919071,91.91,1
SYN-CA-023312,0.799583,0.799739,79.97,1
SYN-CA-023538,0.923454,0.926322,92.63,1
SYN-CA-014666,0.749695,0.747913,74.79,1
SYN-CA-005403,0.523121,0.511617,51.16,1
SYN-CA-027918,0.197277,0.181833,18.18,0
SYN-CA-022264,0.173559,0.158836,15.88,0
SYN-CA-020141,0.909303,0.912112,91.21,1
SYN-CA-009983,0.16652,0.152049,15.2,0
SYN-CA-000370,0.544488,0.533819,53.38,1
SYN-CA-006864,0.697652,0.693635,69.36,1
SYN-CA-018857,0.187724,0.172547,17.25,0
SYN-CA-003031,0.89066,0.893261,89.33,1
SYN-CA-020047,0.120279,0.107961,10.8,0
SYN-CA-007512,0.754039,0.752436,75.24,1
SYN-CA-005505,0.728133,0.725443,72.54,1
SYN-CA-014577,0.429474,0.41489,41.49,0
SYN-CA-006612,0.28146,0.264868,26.49,0
SYN-CA-023625,0.309525,0.292967,29.3,0
SYN-CA-016491,0.399967,0.384658,38.47,0
SYN-CA-000738,0.30284,0.286257,28.63,0
SYN-CA-005081,0.215921,0.200043,20.0,0
SYN-CA-019153,0.212824,0.197011,19.7,0
SYN-CA-008062,0.867887,0.870067,87.01,1
SYN-CA-009262,0.709688,0.7062,70.62,1
SYN-CA-009265,0.553062,0.542738,54.27,1
SYN-CA-000550,0.049972,0.043034,4.3,0
SYN-CA-030116,0.890603,0.893202,89.32,1
SYN-CA-011055,0.099772,0.088721,8.87,0
SYN-CA-030295,0.081576,0.071838,7.18,0
SYN-CA-011782,0.381133,0.365436,36.54,0
SYN-CA-032431,0.135904,0.122757,12.28,0
SYN-CA-008899,0.353796,0.33765,33.76,0
SYN-CA-012252,0.343886,0.327612,32.76,0
SYN-CA-026066,0.850296,0.852049,85.2,1
SYN-CA-011091,0.524699,0.513256,51.33,1
SYN-CA-011226,0.659156,0.653424,65.34,1
SYN-CA-022432,0.496009,0.483509,48.35,0
SYN-CA-010523,0.682276,0.677576,67.76,1
SYN-CA-003544,0.119087,0.106838,10.68,0
SYN-CA-010959,0.196624,0.181197,18.12,0
SYN-CA-030815,0.967906,0.970146,97.01,1
SYN-CA-025672,0.105684,0.094245,9.42,0
SYN-CA-029210,0.159519,0.145319,14.53,0
SYN-CA-009087,0.335127,0.318757,31.88,0
SYN-CA-031334,0.266007,0.249478,24.95,0
SYN-CA-014596,0.96774,0.969986,97.0,1
SYN-CA-009436,0.40396,0.388741,38.87,0
SYN-CA-032278,0.887607,0.89016,89.02,1
SYN-CA-007386,0.773527,0.772705,77.27,1
SYN-CA-027700,0.8208,0.821681,82.17,1
SYN-CA-017198,0.489355,0.476622,47.66,0
SYN-CA-029025,0.076048,0.066749,6.67,0
SYN-CA-005933,0.859057,0.861033,86.1,1
SYN-CA-005426,0.165464,0.151033,15.1,0
SYN-CA-001332,0.526937,0.51558,51.56,1
SYN-CA-001334,0.158559,0.144396,14.44,0
SYN-CA-030780,0.29546,0.278862,27.89,0
SYN-CA-002979,0.39343,0.377979,37.8,0
SYN-CA-017329,0.943328,0.946097,94.61,1
SYN-CA-029846,0.347247,0.331014,33.1,0
SYN-CA-029848,0.150791,0.136954,13.7,0
SYN-CA-031407,0.559687,0.549633,54.96,1
SYN-CA-002121,0.87253,0.874809,87.48,1
SYN-CA-018673,0.918398,0.921256,92.13,1
SYN-CA-018467,0.367842,0.35191,35.19,0
SYN-CA-012000,0.247849,0.231474,23.15,0
SYN-CA-000866,0.94428,0.947038,94.7,1
SYN-CA-012979,0.349557,0.333354,33.34,0
SYN-CA-014973,0.870292,0.872524,87.25,1
SYN-CA-011986,0.23249,0.216317,21.63,0
SYN-CA-019281,0.517428,0.50571,50.57,1
SYN-CA-028680,0.523752,0.512273,51.23,1
SYN-CA-011167,0.182432,0.167416,16.74,0
SYN-CA-009793,0.890268,0.892862,89.29,1
SYN-CA-026118,0.176215,0.161401,16.14,0
SYN-CA-001297,0.209832,0.194083,19.41,0
SYN-CA-009692,0.309394,0.292836,29.28,0
SYN-CA-012642,0.206271,0.190603,19.06,0
SYN-CA-028706,0.833792,0.835079,83.51,1
SYN-CA-031890,0.3227,0.306221,30.62,0
SYN-CA-017876,0.05858,0.050805,5.08,0
SYN-CA-014671,0.215992,0.200113,20.01,0
SYN-CA-001049,0.413687,0.398698,39.87,0
SYN-CA-006181,0.111077,0.099302,9.93,0
SYN-CA-033275,0.751077,0.749352,74.94,1
SYN-CA-025940,0.671815,0.666648,66.66,1
SYN-CA-007370,0.331317,0.31491,31.49,0
SYN-CA-027009,0.84383,0.845409,84.54,1
SYN-CA-025468,0.88282,0.885294,88.53,1
SYN-CA-032172,0.422014,0.407234,40.72,0
SYN-CA-009093,0.717109,0.713944,71.39,1
SYN-CA-019842,0.156812,0.142721,14.27,0
SYN-CA-019843,0.480596,0.467564,46.76,0
SYN-CA-002553,0.435253,0.420826,42.08,0
SYN-CA-005117,0.257028,0.240563,24.06,0
SYN-CA-030789,0.345734,0.329482,32.95,0
SYN-CA-011322,0.667677,0.662326,66.23,1
SYN-CA-010666,0.453154,0.439245,43.92,0
SYN-CA-025240,0.864403,0.866505,86.65,1
SYN-CA-013632,0.435388,0.420965,42.1,0
SYN-CA-001929,0.912356,0.915186,91.52,1
SYN-CA-026923,0.912171,0.915,91.5,1
SYN-CA-011326,0.409038,0.393937,39.39,0
SYN-CA-011330,0.095534,0.084772,8.48,0
SYN-CA-013178,0.219197,0.203253,20.33,0
SYN-CA-009406,0.920031,0.922894,92.29,1
SYN-CA-032153,0.202155,0.186587,18.66,0
SYN-CA-014220,0.061562,0.053511,5.35,0
SYN-CA-013822,0.919649,0.922511,92.25,1
SYN-CA-001812,0.133002,0.120001,12.0,0
SYN-CA-025834,0.084182,0.074245,7.42,0
SYN-CA-003207,0.130165,0.11731,11.73,0
SYN-CA-024146,0.581857,0.572729,57.27,1
SYN-CA-024148,0.268802,0.252257,25.23,0
SYN-CA-014278,0.421359,0.406562,40.66,0
SYN-CA-010630,0.214374,0.198528,19.85,0
SYN-CA-007675,0.071897,0.062941,6.29,0
SYN-CA-003832,0.087086,0.076931,7.69,0
SYN-CA-016741,0.187322,0.172157,17.22,0
SYN-CA-016742,0.867253,0.869419,86.94,1
SYN-CA-004939,0.281319,0.264726,26.47,0
SYN-CA-001078,0.511843,0.499916,49.99,0
SYN-CA-034832,0.390977,0.375476,37.55,0
SYN-CA-034834,0.46759,0.454131,45.41,0
SYN-CA-025730,0.06932,0.060583,6.06,0
SYN-CA-027784,0.238977,0.22271,22.27,0
SYN-CA-018397,0.253647,0.237213,23.72,0
SYN-CA-018398,0.220609,0.204639,20.46,0
SYN-CA-000663,0.826662,0.827731,82.77,1
SYN-CA-003470,0.31011,0.293554,29.36,0
SYN-CA-018784,0.966533,0.968818,96.88,1
SYN-CA-032566,0.336376,0.320019,32.0,0
SYN-CA-007874,0.45676,0.442961,44.3,0
SYN-CA-026448,0.205483,0.189834,18.98,0
SYN-CA-008631,0.393119,0.377662,37.77,0
SYN-CA-024663,0.101353,0.090196,9.02,0
SYN-CA-023275,0.406391,0.391228,39.12,0
SYN-CA-019216,0.867278,0.869444,86.94,1
SYN-CA-016821,0.796336,0.796375,79.64,1
SYN-CA-031640,0.223506,0.207483,20.75,0
SYN-CA-033088,0.153867,0.139898,13.99,0
SYN-CA-021495,0.251378,0.234966,23.5,0
SYN-CA-001032,0.289017,0.272415,27.24,0
SYN-CA-018821,0.207139,0.191452,19.15,0
SYN-CA-026135,0.597497,0.58904,58.9,1
SYN-CA-015559,0.688779,0.684369,68.44,1
SYN-CA-028681,0.124422,0.111874,11.19,0
SYN-CA-026962,0.316727,0.300207,30.02,0
SYN-CA-007403,0.451283,0.437318,43.73,0
SYN-CA-022743,0.693414,0.68921,68.92,1
SYN-CA-031424,0.290095,0.273493,27.35,0
SYN-CA-016751,0.620587,0.613139,61.31,1
SYN-CA-004456,0.209125,0.193392,19.34,0
SYN-CA-031894,0.898274,0.900976,90.1,1
SYN-CA-013424,0.542164,0.531403,53.14,1
SYN-CA-005304,0.962644,0.965046,96.5,1
SYN-CA-018831,0.960055,0.962526,96.25,1
SYN-CA-019698,0.398072,0.382722,38.27,0
SYN-CA-027633,0.333104,0.316714,31.67,0
SYN-CA-011221,0.789237,0.789015,78.9,1
SYN-CA-031244,0.450477,0.436488,43.65,0
SYN-CA-020790,0.824837,0.825848,82.58,1
SYN-CA-033402,0.842122,0.843652,84.37,1
SYN-CA-019981,0.320709,0.304215,30.42,0
SYN-CA-012656,0.055123,0.047676,4.77,0
SYN-CA-025749,0.506259,0.494127,49.41,0
SYN-CA-020987,0.287543,0.270942,27.09,0
SYN-CA-020989,0.849156,0.850879,85.09,1
SYN-CA-034618,0.752676,0.751017,75.1,1
SYN-CA-014751,0.416457,0.401536,40.15,0
SYN-CA-026271,0.239714,0.223438,22.34,0
SYN-CA-026272,0.921343,0.924209,92.42,1
SYN-CA-032302,0.171793,0.157132,15.71,0
SYN-CA-007669,0.2965,0.279902,27.99,0
SYN-CA-016268,0.659748,0.654042,65.4,1
SYN-CA-009976,0.234552,0.218348,21.83,0
SYN-CA-024196,0.377932,0.362175,36.22,0
SYN-CA-027957,0.736613,0.734285,73.43,1
SYN-CA-033635,0.528753,0.517466,51.75,1
SYN-CA-024059,0.384899,0.369275,36.93,0
SYN-CA-012822,0.269213,0.252666,25.27,0
SYN-CA-012872,0.890258,0.892852,89.29,1
SYN-CA-024120,0.710994,0.707563,70.76,1
SYN-CA-023990,0.228502,0.212392,21.24,0
SYN-CA-006923,0.388703,0.373155,37.32,0
SYN-CA-020196,0.463506,0.449917,44.99,0
SYN-CA-007165,0.236375,0.220144,22.01,0
SYN-CA-025434,0.444045,0.429868,42.99,0
SYN-CA-000377,0.934876,0.937716,93.77,1
SYN-CA-015689,0.87738,0.879755,87.98,1
SYN-CA-029699,0.262726,0.246218,24.62,0
SYN-CA-015433,0.248021,0.231644,23.16,0
SYN-CA-015342,0.395929,0.380531,38.05,0
SYN-CA-024446,0.501032,0.488711,48.87,0
SYN-CA-001555,0.084146,0.074211,7.42,0
SYN-CA-032691,0.495979,0.483477,48.35,0
SYN-CA-004666,0.937082,0.939908,93.99,1
SYN-CA-004668,0.791244,0.791096,79.11,1
SYN-CA-027684,0.213533,0.197704,19.77,0
SYN-CA-023334,0.941407,0.944196,94.42,1
SYN-CA-029182,0.657629,0.651829,65.18,1
SYN-CA-013507,0.870743,0.872984,87.3,1
SYN-CA-028589,0.589921,0.581138,58.11,1
SYN-CA-004271,0.344824,0.328561,32.86,0
SYN-CA-023341,0.358502,0.342423,34.24,0
SYN-CA-020659,0.109701,0.09801,9.8,0
SYN-CA-001694,0.452365,0.438433,43.84,0
SYN-CA-017351,0.846933,0.848597,84.86,1
SYN-CA-017353,0.723877,0.721005,72.1,1
SYN-CA-023783,0.333436,0.317049,31.7,0
SYN-CA-030002,0.92008,0.922943,92.29,1
SYN-CA-022345,0.674992,0.669968,67.0,1
SYN-CA-015924,0.906543,0.90933,90.93,1
SYN-CA-025148,0.904939,0.907712,90.77,1
SYN-CA-023519,0.097366,0.086478,8.65,0
SYN-CA-022253,0.854102,0.855954,85.6,1
SYN-CA-025935,0.084134,0.074201,7.42,0
SYN-CA-030416,0.302656,0.286072,28.61,0
SYN-CA-011729,0.322454,0.305973,30.6,0
SYN-CA-026829,0.881753,0.884209,88.42,1
SYN-CA-016445,0.751706,0.750008,75.0,1
SYN-CA-025824,0.261826,0.245324,24.53,0
SYN-CA-000340,0.883311,0.885794,88.58,1
SYN-CA-024577,0.574897,0.565476,56.55,1
SYN-CA-000947,0.869157,0.871364,87.14,1
SYN-CA-020731,0.516795,0.505052,50.51,1
SYN-CA-026740,0.05473,0.047322,4.73,0
SYN-CA-008183,0.810255,0.810785,81.08,1
SYN-CA-008185,0.270016,0.253464,25.35,0
SYN-CA-005195,0.086973,0.076826,7.68,0
SYN-CA-008399,0.925729,0.928598,92.86,1
SYN-CA-011597,0.291146,0.274544,27.45,0
SYN-CA-011310,0.85284,0.85466,85.47,1
SYN-CA-006799,0.57016,0.560541,56.05,1
SYN-CA-034579,0.104819,0.093437,9.34,0
SYN-CA-017305,0.881738,0.884193,88.42,1
SYN-CA-014521,0.27835,0.261765,26.18,0
SYN-CA-019694,0.938348,0.941165,94.12,1
SYN-CA-001503,0.151262,0.137403,13.74,0
SYN-CA-015597,0.094032,0.083374,8.34,0
SYN-CA-014054,0.13125,0.118339,11.83,0
SYN-CA-026080,0.849512,0.851245,85.12,1
SYN-CA-025523,0.96705,0.969318,96.93,1
SYN-CA-007866,0.935743,0.938578,93.86,1
SYN-CA-007869,0.878482,0.880878,88.09,1
SYN-CA-004754,0.271355,0.254797,25.48,0
SYN-CA-003674,0.396978,0.381603,38.16,0
SYN-CA-015915,0.686003,0.681469,68.15,1
SYN-CA-019710,0.65282,0.646805,64.68,1
SYN-CA-024999,0.749799,0.748021,74.8,1
SYN-CA-014494,0.2311,0.214948,21.49,0
SYN-CA-023229,0.808072,0.808528,80.85,1
SYN-CA-028601,0.314489,0.297957,29.8,0
SYN-CA-019267,0.903078,0.905832,90.58,1
SYN-CA-033832,0.444112,0.429936,42.99,0
SYN-CA-008254,0.519823,0.508195,50.82,1
SYN-CA-020623,0.102939,0.091678,9.17,0
SYN-CA-017569,0.765085,0.763929,76.39,1
SYN-CA-016544,0.191465,0.17618,17.62,0
SYN-CA-014185,0.18773,0.172553,17.26,0
SYN-CA-018296,0.869068,0.871273,87.13,1
SYN-CA-026494,0.875235,0.877568,87.76,1
SYN-CA-013532,0.590275,0.581507,58.15,1
SYN-CA-010815,0.759258,0.757868,75.79,1
SYN-CA-033943,0.146631,0.132977,13.3,0
SYN-CA-029881,0.770691,0.769758,76.98,1
SYN-CA-029882,0.222467,0.206463,20.65,0
SYN-CA-009483,0.70392,0.700179,70.02,1
SYN-CA-033254,0.141201,0.127797,12.78,0
SYN-CA-029156,0.295824,0.279226,27.92,0
SYN-CA-024982,0.522519,0.510993,51.1,1
SYN-CA-016624,0.397994,0.382642,38.26,0
SYN-CA-033876,0.175473,0.160685,16.07,0
SYN-CA-027487,0.698867,0.694903,69.49,1
SYN-CA-000691,0.447736,0.433666,43.37,0
SYN-CA-028117,0.930025,0.932886,93.29,1
SYN-CA-031182,0.534853,0.523803,52.38,1
SYN-CA-029004,0.191741,0.176448,17.64,0
SYN-CA-027449,0.530447,0.519226,51.92,1
SYN-CA-027537,0.22908,0.212961,21.3,0
SYN-CA-005648,0.298585,0.281991,28.2,0
SYN-CA-016123,0.155558,0.141519,14.15,0
SYN-CA-017759,0.935903,0.938737,93.87,1
SYN-CA-012480,0.913782,0.916621,91.66,1
SYN-CA-012728,0.651738,0.645674,64.57,1
SYN-CA-022646,0.239886,0.223607,22.36,0
SYN-CA-004116,0.893692,0.896335,89.63,1
SYN-CA-001986,0.650034,0.643895,64.39,1
SYN-CA-008355,0.322895,0.306417,30.64,0
SYN-CA-002137,0.585381,0.576404,57.64,1
SYN-CA-004022,0.481751,0.468758,46.88,0
SYN-CA-003645,0.311959,0.295413,29.54,0
SYN-CA-028050,0.063163,0.054966,5.5,0
SYN-CA-024703,0.862481,0.864538,86.45,1
SYN-CA-003298,0.303553,0.286972,28.7,0
SYN-CA-023930,0.335645,0.319281,31.93,0
SYN-CA-015685,0.923943,0.926812,92.68,1
SYN-CA-020035,0.707331,0.703739,70.37,1
SYN-CA-008606,0.626386,0.619194,61.92,1
SYN-CA-001095,0.791446,0.791306,79.13,1
SYN-CA-014896,0.345487,0.329233,32.92,0
SYN-CA-014898,0.434067,0.419608,41.96,0
SYN-CA-015896,0.32804,0.311604,31.16,0
SYN-CA-010054,0.408617,0.393506,39.35,0
SYN-CA-021705,0.556971,0.546806,54.68,1
SYN-CA-008622,0.489572,0.476847,47.68,0
SYN-CA-015212,0.48754,0.474744,47.47,0
SYN-CA-020226,0.093487,0.082868,8.29,0
SYN-CA-001574,0.234631,0.218426,21.84,0
SYN-CA-018877,0.45776,0.443991,44.4,0
SYN-CA-010719,0.88556,0.88808,88.81,1
SYN-CA-030626,0.613627,0.605873,60.59,1
SYN-CA-027153,0.144915,0.131339,13.13,0
SYN-CA-020006,0.123554,0.111053,11.11,0
SYN-CA-025892,0.338251,0.321913,32.19,0
SYN-CA-005048,0.958339,0.960851,96.09,1
SYN-CA-025138,0.314339,0.297805,29.78,0
SYN-CA-011635,0.220852,0.204877,20.49,0
SYN-CA-010112,0.919095,0.921955,92.2,1
SYN-CA-006595,0.20909,0.193358,19.34,0
SYN-CA-006750,0.249123,0.232734,23.27,0
SYN-CA-012384,0.4351,0.420669,42.07,0
SYN-CA-026093,0.719392,0.716326,71.63,1
SYN-CA-016211,0.243534,0.227208,22.72,0
SYN-CA-024068,0.265851,0.249323,24.93,0
SYN-CA-000390,0.412669,0.397655,39.77,0
SYN-CA-026304,0.359069,0.342999,34.3,0
SYN-CA-010483,0.280978,0.264386,26.44,0
SYN-CA-022266,0.531679,0.520506,52.05,1
SYN-CA-005227,0.961737,0.964163,96.42,1
SYN-CA-006758,0.880678,0.883114,88.31,1
SYN-CA-007913,0.942402,0.945181,94.52,1
SYN-CA-005482,0.366776,0.350826,35.08,0
SYN-CA-009269,0.877943,0.880328,88.03,1
SYN-CA-021314,0.753313,0.75168,75.17,1
SYN-CA-014870,0.307682,0.291116,29.11,0
SYN-CA-026759,0.317875,0.301362,30.14,0
SYN-CA-018354,0.27205,0.255488,25.55,0
SYN-CA-014444,0.892908,0.89554,89.55,1
SYN-CA-002687,0.917017,0.91987,91.99,1
SYN-CA-021348,0.714068,0.71077,71.08,1
SYN-CA-023923,0.359975,0.343918,34.39,0
SYN-CA-031491,0.62363,0.616317,61.63,1
SYN-CA-004665,0.750517,0.748769,74.88,1
SYN-CA-032893,0.411,0.395946,39.59,0
SYN-CA-024917,0.722041,0.719089,71.91,1
SYN-CA-024918,0.849634,0.851371,85.14,1
SYN-CA-007877,0.510026,0.498033,49.8,0
SYN-CA-007879,0.107536,0.095981,9.6,0
SYN-CA-012738,0.468839,0.45542,45.54,0
SYN-CA-000595,0.184825,0.169735,16.97,0
SYN-CA-012473,0.350179,0.333984,33.4,0
SYN-CA-013398,0.589383,0.580577,58.06,1
SYN-CA-029770,0.970816,0.972954,97.3,1
SYN-CA-009884,0.40645,0.391288,39.13,0
SYN-CA-013520,0.427095,0.412447,41.24,0
SYN-CA-029406,0.616765,0.609149,60.91,1
SYN-CA-029409,0.106513,0.095022,9.5,0
SYN-CA-015995,0.614547,0.606833,60.68,1
SYN-CA-017548,0.659555,0.653841,65.38,1
SYN-CA-021880,0.912096,0.914925,91.49,1
SYN-CA-016159,0.101915,0.090721,9.07,0
SYN-CA-004787,0.80779,0.808236,80.82,1
SYN-CA-006850,0.831484,0.832702,83.27,1
SYN-CA-022020,0.664781,0.659301,65.93,1
SYN-CA-026616,0.90493,0.907703,90.77,1
SYN-CA-010236,0.898216,0.900918,90.09,1
SYN-CA-010239,0.774331,0.773541,77.35,1
SYN-CA-013167,0.567752,0.558032,55.8,1
SYN-CA-020501,0.660393,0.654716,65.47,1
SYN-CA-003677,0.196262,0.180845,18.08,0
SYN-CA-026007,0.415306,0.400357,40.04,0
SYN-CA-016749,0.507349,0.495257,49.53,0
SYN-CA-020725,0.263721,0.247206,24.72,0
SYN-CA-006683,0.786619,0.786299,78.63,1
SYN-CA-019276,0.603634,0.595443,59.54,1
SYN-CA-013233,0.323913,0.307443,30.74,0
SYN-CA-033701,0.504194,0.491988,49.2,0
SYN-CA-019004,0.198288,0.182818,18.28,0
SYN-CA-030772,0.880377,0.882808,88.28,1
SYN-CA-031159,0.821896,0.822813,82.28,1
SYN-CA-032445,0.532678,0.521543,52.15,1
SYN-CA-034188,0.171763,0.157103,15.71,0
SYN-CA-023232,0.173399,0.158682,15.87,0
SYN-CA-029658,0.640078,0.633494,63.35,1
SYN-CA-012579,0.654234,0.648282,64.83,1
SYN-CA-007630,0.869602,0.871818,87.18,1
SYN-CA-014193,0.491283,0.478617,47.86,0
SYN-CA-011819,0.292949,0.276347,27.63,0
SYN-CA-024308,0.332734,0.316341,31.63,0
SYN-CA-012768,0.329969,0.31355,31.35,0
SYN-CA-020384,0.629085,0.622013,62.2,1
SYN-CA-026804,0.740354,0.738183,73.82,1
SYN-CA-002390,0.657304,0.651489,65.15,1
SYN-CA-003813,0.193947,0.178593,17.86,0
SYN-CA-030856,0.761756,0.760467,76.05,1
SYN-CA-017865,0.380918,0.365217,36.52,0
SYN-CA-034541,0.911846,0.914673,91.47,1
SYN-CA-020422,0.266398,0.249866,24.99,0
SYN-CA-012646,0.48469,0.471796,47.18,0
SYN-CA-018152,0.90259,0.905339,90.53,1
SYN-CA-025987,0.374131,0.358305,35.83,0
SYN-CA-009125,0.738695,0.736454,73.65,1
SYN-CA-007224,0.515716,0.503933,50.39,1
SYN-CA-006637,0.252326,0.235905,23.59,0
SYN-CA-019922,0.376829,0.361052,36.11,0
SYN-CA-029325,0.899669,0.902387,90.24,1
SYN-CA-033337,0.845912,0.847548,84.75,1
SYN-CA-010265,0.092529,0.081978,8.2,0
SYN-CA-011036,0.430623,0.41607,41.61,0
SYN-CA-027827,0.882183,0.884646,88.46,1
SYN-CA-000282,0.9223,0.925167,92.52,1
SYN-CA-000284,0.974553,0.976541,97.65,1
SYN-CA-006301,0.503935,0.491718,49.17,0
SYN-CA-010946,0.84129,0.842796,84.28,1
SYN-CA-018459,0.32751,0.311069,31.11,0
SYN-CA-022814,0.604522,0.59637,59.64,1
SYN-CA-017919,0.458348,0.444598,44.46,0
SYN-CA-012260,0.576711,0.567366,56.74,1
SYN-CA-004528,0.255361,0.238912,23.89,0
SYN-CA-011073,0.766986,0.765906,76.59,1
SYN-CA-006728,0.641981,0.635482,63.55,1
SYN-CA-034028,0.663245,0.657696,65.77,1
SYN-CA-020867,0.268799,0.252253,25.23,0
SYN-CA-027774,0.203499,0.187898,18.79,0
SYN-CA-000324,0.898917,0.901626,90.16,1
SYN-CA-016070,0.397678,0.382319,38.23,0
SYN-CA-034826,0.864778,0.866889,86.69,1
SYN-CA-027056,0.791395,0.791253,79.13,1
SYN-CA-009459,0.538646,0.527745,52.77,1
SYN-CA-008475,0.889976,0.892566,89.26,1
SYN-CA-008526,0.105168,0.093763,9.38,0
SYN-CA-018717,0.361666,0.345634,34.56,0
SYN-CA-020430,0.296549,0.279952,28.0,0
SYN-CA-024299,0.415917,0.400983,40.1,0
SYN-CA-026936,0.667501,0.662142,66.21,1
SYN-CA-027686,0.318043,0.301531,30.15,0
SYN-CA-025701,0.130369,0.117503,11.75,0
SYN-CA-025704,0.098775,0.087791,8.78,0
SYN-CA-017761,0.172159,0.157485,15.75,0
SYN-CA-009377,0.824392,0.825389,82.54,1
SYN-CA-003066,0.336696,0.320342,32.03,0
SYN-CA-022553,0.774798,0.774026,77.4,1
SYN-CA-032430,0.47485,0.461627,46.16,0
SYN-CA-009580,0.479897,0.466842,46.68,0
SYN-CA-013142,0.226354,0.21028,21.03,0
SYN-CA-011576,0.208032,0.192324,19.23,0
SYN-CA-001171,0.801389,0.801609,80.16,1
SYN-CA-034053,0.918001,0.920858,92.09,1
SYN-CA-023117,0.27775,0.261167,26.12,0
SYN-CA-024520,0.833401,0.834677,83.47,1
SYN-CA-023481,0.630325,0.623308,62.33,1
SYN-CA-001867,0.157364,0.14325,14.33,0
SYN-CA-012990,0.190566,0.175306,17.53,0
SYN-CA-008653,0.808284,0.808746,80.87,1
SYN-CA-003627,0.806401,0.806798,80.68,1
SYN-CA-030451,0.485391,0.472522,47.25,0
SYN-CA-030454,0.743848,0.741824,74.18,1
SYN-CA-002112,0.197883,0.182423,18.24,0
SYN-CA-018055,0.210895,0.195123,19.51,0
SYN-CA-014749,0.961293,0.963731,96.37,1
SYN-CA-002654,0.361702,0.345671,34.57,0
SYN-CA-021178,0.45786,0.444095,44.41,0
SYN-CA-020824,0.361709,0.345678,34.57,0
SYN-CA-001935,0.362514,0.346496,34.65,0
SYN-CA-001590,0.215152,0.199289,19.93,0
SYN-CA-000266,0.899526,0.902243,90.22,1
SYN-CA-000270,0.4219,0.407117,40.71,0
SYN-CA-013203,0.564072,0.554199,55.42,1
SYN-CA-025569,0.275607,0.259031,25.9,0
SYN-CA-029655,0.882624,0.885095,88.51,1
SYN-CA-031752,0.151077,0.137227,13.72,0
SYN-CA-029253,0.944454,0.947209,94.72,1
SYN-CA-032868,0.805852,0.80623,80.62,1
SYN-CA-031656,0.881655,0.884109,88.41,1
SYN-CA-030414,0.184278,0.169205,16.92,0
SYN-CA-033084,0.738124,0.735859,73.59,1
SYN-CA-004079,0.219093,0.203152,20.32,0
SYN-CA-008227,0.404046,0.388829,38.88,0
SYN-CA-008228,0.936453,0.939284,93.93,1
SYN-CA-001599,0.07405,0.064915,6.49,0
SYN-CA-033357,0.2989,0.282307,28.23,0
SYN-CA-003201,0.846809,0.84847,84.85,1
SYN-CA-012640,0.517906,0.506206,50.62,1
SYN-CA-028548,0.501468,0.489162,48.92,0
SYN-CA-028549,0.062277,0.054161,5.42,0
SYN-CA-000749,0.934059,0.936904,93.69,1
SYN-CA-000750,0.763501,0.762282,76.23,1
SYN-CA-027629,0.158652,0.144486,14.45,0
SYN-CA-022391,0.247217,0.230849,23.08,0
SYN-CA-022747,0.200346,0.184822,18.48,0
SYN-CA-015570,0.171906,0.157241,15.72,0
SYN-CA-022143,0.225773,0.209709,20.97,0
SYN-CA-022145,0.522332,0.510798,51.08,1
SYN-CA-030337,0.185073,0.169976,17.0,0
SYN-CA-030339,0.648,0.64177,64.18,1
SYN-CA-013453,0.839761,0.841224,84.12,1
SYN-CA-021108,0.896935,0.899621,89.96,1
SYN-CA-013773,0.716462,0.713269,71.33,1
SYN-CA-019941,0.192664,0.177345,17.73,0
SYN-CA-021557,0.178966,0.164061,16.41,0
SYN-CA-025374,0.242659,0.226345,22.63,0
SYN-CA-018443,0.965312,0.967635,96.76,1
SYN-CA-017519,0.137697,0.124462,12.45,0
SYN-CA-034961,0.359198,0.343129,34.31,0
SYN-CA-001777,0.296993,0.280397,28.04,0
SYN-CA-010396,0.532888,0.521761,52.18,1
SYN-CA-014394,0.285386,0.268786,26.88,0
SYN-CA-002516,0.594376,0.585785,58.58,1
SYN-CA-002518,0.171836,0.157173,15.72,0
SYN-CA-033056,0.74273,0.740658,74.07,1
SYN-CA-016167,0.319421,0.302919,30.29,0
SYN-CA-002450,0.559297,0.549228,54.92,1
SYN-CA-007103,0.364282,0.348292,34.83,0
SYN-CA-023202,0.776794,0.776099,77.61,1
SYN-CA-026671,0.819747,0.820594,82.06,1
SYN-CA-023788,0.16275,0.148423,14.84,0
SYN-CA-004434,0.323349,0.306875,30.69,0
SYN-CA-008672,0.87019,0.87242,87.24,1
SYN-CA-001844,0.189839,0.174601,17.46,0
SYN-CA-025662,0.376562,0.36078,36.08,0
SYN-CA-008587,0.531384,0.520199,52.02,1
SYN-CA-007547,0.956389,0.958945,95.89,1
SYN-CA-030542,0.707298,0.703704,70.37,1
SYN-CA-030544,0.281884,0.26529,26.53,0
SYN-CA-006370,0.758477,0.757056,75.71,1
SYN-CA-016599,0.630524,0.623516,62.35,1
SYN-CA-000514,0.750852,0.749118,74.91,1
SYN-CA-031813,0.962958,0.965351,96.54,1
SYN-CA-017098,0.420688,0.405873,40.59,0
SYN-CA-026690,0.258864,0.242385,24.24,0
SYN-CA-021307,0.650842,0.644738,64.47,1
SYN-CA-021310,0.562013,0.552056,55.21,1
SYN-CA-010468,0.944119,0.946879,94.69,1
SYN-CA-017794,0.252056,0.235637,23.56,0
SYN-CA-012354,0.250136,0.233737,23.37,0
SYN-CA-031581,0.745452,0.743495,74.35,1
SYN-CA-025696,0.639536,0.632928,63.29,1
SYN-CA-007645,0.164212,0.149828,14.98,0
SYN-CA-024431,0.208437,0.19272,19.27,0
SYN-CA-034062,0.898851,0.90156,90.16,1
SYN-CA-023740,0.423467,0.408724,40.87,0
SYN-CA-003472,0.899475,0.902191,90.22,1
SYN-CA-011077,0.926522,0.92939,92.94,1
SYN-CA-005572,0.724331,0.721478,72.15,1
SYN-CA-013711,0.346769,0.330531,33.05,0
SYN-CA-013713,0.929592,0.932454,93.25,1
SYN-CA-026522,0.276979,0.260399,26.04,0
SYN-CA-026524,0.781302,0.780781,78.08,1
SYN-CA-032863,0.704087,0.700353,70.04,1
SYN-CA-008443,0.453138,0.439229,43.92,0
SYN-CA-008439,0.950041,0.952718,95.27,1
SYN-CA-021717,0.074021,0.064888,6.49,0
SYN-CA-031874,0.651853,0.645795,64.58,1
SYN-CA-018944,0.248298,0.231918,23.19,0
SYN-CA-015041,0.520774,0.509182,50.92,1
SYN-CA-030936,0.906914,0.909704,90.97,1
SYN-CA-005670,0.438362,0.424022,42.4,0
SYN-CA-033715,0.877666,0.880046,88.0,1
SYN-CA-020681,0.920485,0.923349,92.33,1
SYN-CA-023522,0.660557,0.654888,65.49,1
SYN-CA-022668,0.475334,0.462126,46.21,0
SYN-CA-022669,0.847873,0.849562,84.96,1
SYN-CA-023679,0.899041,0.901752,90.18,1
SYN-CA-016651,0.836468,0.837835,83.78,1
SYN-CA-031557,0.567107,0.55736,55.74,1
SYN-CA-017005,0.78273,0.782263,78.23,1
SYN-CA-007353,0.174259,0.159512,15.95,0
SYN-CA-030258,0.353283,0.337129,33.71,0
SYN-CA-026973,0.907753,0.910551,91.06,1
SYN-CA-016243,0.806492,0.806892,80.69,1
SYN-CA-001125,0.54771,0.53717,53.72,1
SYN-CA-002816,0.332293,0.315895,31.59,0
SYN-CA-028430,0.254861,0.238416,23.84,0
SYN-CA-016851,0.176367,0.161549,16.15,0
SYN-CA-004735,0.775889,0.775159,77.52,1
SYN-CA-031595,0.192517,0.177202,17.72,0
SYN-CA-008216,0.568354,0.558659,55.87,1
SYN-CA-008219,0.629752,0.62271,62.27,1
SYN-CA-011122,0.113695,0.101761,10.18,0
SYN-CA-029067,0.138541,0.125265,12.53,0
SYN-CA-034815,0.404671,0.389468,38.95,0
SYN-CA-034503,0.79995,0.800119,80.01,1
SYN-CA-008994,0.930967,0.933825,93.38,1
SYN-CA-015308,0.887172,0.889719,88.97,1
SYN-CA-016255,0.202539,0.186961,18.7,0
SYN-CA-009003,0.940719,0.943515,94.35,1
SYN-CA-000893,0.810785,0.811334,81.13,1
SYN-CA-012108,0.629061,0.621987,62.2,1
SYN-CA-020152,0.471472,0.458138,45.81,0
SYN-CA-033101,0.155255,0.141227,14.12,0
SYN-CA-015521,0.601882,0.593615,59.36,1
SYN-CA-012029,0.170182,0.155578,15.56,0
SYN-CA-009390,0.489786,0.477068,47.71,0
SYN-CA-028362,0.179775,0.164844,16.48,0
SYN-CA-018006,0.327293,0.310851,31.09,0
SYN-CA-018010,0.19555,0.180152,18.02,0
SYN-CA-015814,0.352291,0.336124,33.61,0
SYN-CA-002934,0.547337,0.536782,53.68,1
SYN-CA-007411,0.53022,0.51899,51.9,1
SYN-CA-013619,0.347632,0.331404,33.14,0
SYN-CA-015902,0.084409,0.074454,7.45,0
SYN-CA-012566,0.8328,0.834058,83.41,1
SYN-CA-007132,0.918254,0.921112,92.11,1
SYN-CA-007133,0.318017,0.301505,30.15,0
SYN-CA-003914,0.894376,0.897028,89.7,1
SYN-CA-015573,0.540091,0.529248,52.92,1
SYN-CA-001800,0.318652,0.302145,30.21,0
SYN-CA-021697,0.124049,0.111521,11.15,0
SYN-CA-022358,0.567371,0.557636,55.76,1
SYN-CA-021062,0.420491,0.405672,40.57,0
SYN-CA-005875,0.818627,0.819438,81.94,1
SYN-CA-025756,0.903848,0.906611,90.66,1
SYN-CA-019025,0.064374,0.056069,5.61,0
SYN-CA-002681,0.903687,0.906447,90.64,1
SYN-CA-007423,0.336465,0.320108,32.01,0
SYN-CA-006135,0.397175,0.381805,38.18,0
SYN-CA-029365,0.885002,0.887514,88.75,1
SYN-CA-027174,0.137766,0.124528,12.45,0
SYN-CA-030466,0.15722,0.143112,14.31,0
SYN-CA-021163,0.698605,0.694629,69.46,1
SYN-CA-014558,0.500615,0.488279,48.83,0
SYN-CA-033151,0.123449,0.110954,11.1,0
SYN-CA-021553,0.616715,0.609096,60.91,1
SYN-CA-029231,0.896208,0.898885,89.89,1
SYN-CA-011767,0.934569,0.937411,93.74,1
SYN-CA-033351,0.540476,0.529648,52.96,1
SYN-CA-015157,0.562476,0.552537,55.25,1
SYN-CA-013663,0.674355,0.669302,66.93,1
SYN-CA-022015,0.212654,0.196844,19.68,0
SYN-CA-033981,0.498652,0.486246,48.62,0
SYN-CA-033983,0.061927,0.053843,5.38,0
SYN-CA-030581,0.461035,0.447368,44.74,0
SYN-CA-024235,0.318614,0.302106,30.21,0
SYN-CA-010323,0.178956,0.164051,16.41,0
SYN-CA-025156,0.348033,0.33181,33.18,0
SYN-CA-025158,0.900788,0.903518,90.35,1
SYN-CA-015378,0.694291,0.690124,69.01,1
SYN-CA-008666,0.922319,0.925186,92.52,1
SYN-CA-011698,0.425849,0.411169,41.12,0
SYN-CA-026136,0.593875,0.585262,58.53,1
SYN-CA-026137,0.879579,0.881995,88.2,1
SYN-CA-028535,0.87498,0.877308,87.73,1
SYN-CA-002841,0.573379,0.563894,56.39,1
SYN-CA-026429,0.25417,0.237731,23.77,0
SYN-CA-007442,0.779351,0.778755,77.88,1
SYN-CA-032225,0.849194,0.850919,85.09,1
SYN-CA-006610,0.368372,0.352448,35.24,0
SYN-CA-023587,0.91182,0.914647,91.46,1
SYN-CA-023589,0.12973,0.116898,11.69,0
SYN-CA-013636,0.862786,0.86485,86.49,1
SYN-CA-032556,0.943846,0.946609,94.66,1
SYN-CA-000759,0.241337,0.225039,22.5,0
SYN-CA-017052,0.407771,0.39264,39.26,0
SYN-CA-033222,0.504146,0.491938,49.19,0
SYN-CA-019341,0.352949,0.336791,33.68,0
SYN-CA-008265,0.603309,0.595105,59.51,1
SYN-CA-002043,0.58354,0.574484,57.45,1
SYN-CA-029874,0.259766,0.243279,24.33,0
SYN-CA-016613,0.277539,0.260957,26.1,0
SYN-CA-005243,0.189591,0.174359,17.44,0
SYN-CA-005245,0.194433,0.179066,17.91,0
SYN-CA-022791,0.854894,0.856767,85.68,1
SYN-CA-022794,0.181217,0.166239,16.62,0
SYN-CA-006472,0.57717,0.567845,56.78,1
SYN-CA-022967,0.868482,0.870675,87.07,1
SYN-CA-001056,0.126833,0.114155,11.42,0
SYN-CA-001301,0.905424,0.908201,90.82,1
SYN-CA-032394,0.706213,0.702573,70.26,1
SYN-CA-032395,0.816371,0.817107,81.71,1
SYN-CA-009330,0.483603,0.470673,47.07,0
SYN-CA-003933,0.50866,0.496616,49.66,0
SYN-CA-005715,0.70209,0.698268,69.83,1
SYN-CA-005472,0.255867,0.239413,23.94,0
SYN-CA-002782,0.131992,0.119043,11.9,0
SYN-CA-000652,0.318784,0.302278,30.23,0
SYN-CA-006372,0.195104,0.179718,17.97,0
SYN-CA-000027,0.89891,0.901619,90.16,1
SYN-CA-017440,0.96221,0.964624,96.46,1
SYN-CA-010944,0.397531,0.382168,38.22,0
SYN-CA-010945,0.157179,0.143072,14.31,0
SYN-CA-027248,0.270094,0.253542,25.35,0
SYN-CA-010772,0.055902,0.048381,4.84,0
SYN-CA-009106,0.48642,0.473586,47.36,0
SYN-CA-024170,0.533138,0.522021,52.2,1
SYN-CA-030480,0.944727,0.94748,94.75,1
SYN-CA-000142,0.349154,0.332946,33.29,0
SYN-CA-003416,0.315698,0.299172,29.92,0
SYN-CA-025544,0.427923,0.413298,41.33,0
SYN-CA-024327,0.776176,0.775457,77.55,1
SYN-CA-024330,0.489206,0.476468,47.65,0
SYN-CA-014011,0.290539,0.273937,27.39,0
SYN-CA-001233,0.382847,0.367183,36.72,0
SYN-CA-021652,0.189574,0.174343,17.43,0
SYN-CA-004873,0.204765,0.189133,18.91,0
SYN-CA-020728,0.458722,0.444984,44.5,0
SYN-CA-031234,0.107023,0.0955,9.55,0
SYN-CA-010982,0.284918,0.26832,26.83,0
SYN-CA-010985,0.182095,0.16709,16.71,0
SYN-CA-003899,0.180734,0.165772,16.58,0
SYN-CA-021330,0.378647,0.362904,36.29,0
SYN-CA-028698,0.801084,0.801294,80.13,1
SYN-CA-000908,0.848918,0.850635,85.06,1
SYN-CA-006578,0.07398,0.06485,6.49,0
SYN-CA-004630,0.202096,0.186529,18.65,0
SYN-CA-004197,0.073933,0.064807,6.48,0
SYN-CA-033391,0.51659,0.504841,50.48,1
SYN-CA-000765,0.146627,0.132973,13.3,0
SYN-CA-024937,0.181606,0.166616,16.66,0
SYN-CA-008572,0.215236,0.199372,19.94,0
SYN-CA-012120,0.936635,0.939464,93.95,1
SYN-CA-006101,0.557723,0.54759,54.76,1
SYN-CA-006103,0.893471,0.896111,89.61,1
SYN-CA-033817,0.076099,0.066796,6.68,0
SYN-CA-014438,0.715365,0.712124,71.21,1
SYN-CA-005598,0.328134,0.311698,31.17,0
SYN-CA-005600,0.65244,0.646408,64.64,1
SYN-CA-014722,0.232247,0.216077,21.61,0
SYN-CA-015374,0.852438,0.854248,85.42,1
SYN-CA-009321,0.385677,0.370068,37.01,0
SYN-CA-033640,0.756885,0.755399,75.54,1
SYN-CA-034206,0.309777,0.29322,29.32,0
SYN-CA-003175,0.826745,0.827816,82.78,1
SYN-CA-019423,0.180765,0.165802,16.58,0
SYN-CA-012850,0.767981,0.766941,76.69,1
SYN-CA-000153,0.894663,0.897319,89.73,1
SYN-CA-002804,0.083708,0.073807,7.38,0
SYN-CA-032742,0.643051,0.6366,63.66,1
SYN-CA-032010,0.364447,0.34846,34.85,0
SYN-CA-010700,0.241875,0.22557,22.56,0
SYN-CA-026748,0.20821,0.192498,19.25,0
SYN-CA-026749,0.23195,0.215785,21.58,0
SYN-CA-012326,0.42999,0.415419,41.54,0
SYN-CA-001447,0.099495,0.088463,8.85,0
SYN-CA-024474,0.242179,0.225871,22.59,0
SYN-CA-021637,0.850904,0.852674,85.27,1
SYN-CA-019626,0.946486,0.949215,94.92,1
SYN-CA-006444,0.539095,0.528212,52.82,1
SYN-CA-008915,0.929911,0.932773,93.28,1
SYN-CA-034367,0.118581,0.106361,10.64,0
SYN-CA-026910,0.257804,0.241334,24.13,0
SYN-CA-027759,0.8696,0.871817,87.18,1
SYN-CA-014999,0.337055,0.320705,32.07,0
SYN-CA-002204,0.429658,0.415079,41.51,0
SYN-CA-033932,0.111578,0.099772,9.98,0
SYN-CA-024453,0.406616,0.391459,39.15,0
SYN-CA-002508,0.765827,0.764701,76.47,1
SYN-CA-031468,0.625156,0.61791,61.79,1
SYN-CA-028916,0.205768,0.190112,19.01,0
SYN-CA-028919,0.374012,0.358185,35.82,0
SYN-CA-002666,0.067073,0.058529,5.85,0
SYN-CA-003395,0.88793,0.890488,89.05,1
SYN-CA-017462,0.836688,0.838061,83.81,1
SYN-CA-033080,0.283168,0.266572,26.66,0
SYN-CA-033044,0.767085,0.766009,76.6,1
SYN-CA-005452,0.49984,0.487476,48.75,0
SYN-CA-032098,0.171076,0.15644,15.64,0
SYN-CA-014259,0.646883,0.640603,64.06,1
SYN-CA-009629,0.076937,0.067567,6.76,0
SYN-CA-013573,0.731247,0.72869,72.87,1
SYN-CA-020413,0.802468,0.802727,80.27,1
SYN-CA-004099,0.858487,0.86045,86.04,1
SYN-CA-010283,0.806299,0.806692,80.67,1
SYN-CA-010284,0.802021,0.802264,80.23,1
SYN-CA-005070,0.42758,0.412945,41.29,0
SYN-CA-013560,0.57053,0.560926,56.09,1
SYN-CA-015658,0.450372,0.43638,43.64,0
SYN-CA-030500,0.085192,0.075178,7.52,0
SYN-CA-003684,0.541705,0.530925,53.09,1
SYN-CA-031826,0.326214,0.309762,30.98,0
SYN-CA-031827,0.823699,0.824674,82.47,1
SYN-CA-023896,0.672748,0.667623,66.76,1
SYN-CA-015117,0.893361,0.895999,89.6,1
SYN-CA-017848,0.236266,0.220036,22.0,0
SYN-CA-020511,0.814165,0.814828,81.48,1
SYN-CA-006265,0.969316,0.971508,97.15,1
SYN-CA-005641,0.499246,0.486861,48.69,0
SYN-CA-009556,0.354813,0.338681,33.87,0
SYN-CA-002108,0.261448,0.244949,24.49,0
SYN-CA-031757,0.373783,0.357951,35.8,0
SYN-CA-002649,0.311951,0.295405,29.54,0
SYN-CA-001676,0.167271,0.152772,15.28,0
SYN-CA-000917,0.176816,0.161982,16.2,0
SYN-CA-025876,0.110418,0.098683,9.87,0
SYN-CA-028849,0.975581,0.977524,97.75,1
SYN-CA-021459,0.308327,0.291764,29.18,0
SYN-CA-029927,0.235426,0.219209,21.92,0
SYN-CA-005672,0.23736,0.221115,22.11,0
SYN-CA-007746,0.869084,0.87129,87.13,1
SYN-CA-017770,0.969513,0.971698,97.17,1
SYN-CA-013269,0.298295,0.2817,28.17,0
SYN-CA-029777,0.673848,0.668773,66.88,1
SYN-CA-002400,0.465707,0.452187,45.22,0
SYN-CA-016078,0.522138,0.510598,51.06,1
SYN-CA-015349,0.330373,0.313957,31.4,0
SYN-CA-012581,0.194362,0.178996,17.9,0
SYN-CA-000164,0.572219,0.562686,56.27,1
SYN-CA-033828,0.31027,0.293715,29.37,0
SYN-CA-008500,0.47389,0.460635,46.06,0
SYN-CA-011283,0.966956,0.969228,96.92,1
SYN-CA-024483,0.368839,0.352923,35.29,0
SYN-CA-009198,0.379981,0.364263,36.43,0
SYN-CA-024285,0.619384,0.611883,61.19,1
SYN-CA-012941,0.529279,0.518013,51.8,1
SYN-CA-008244,0.231693,0.215532,21.55,0
SYN-CA-005262,0.839957,0.841425,84.14,1
SYN-CA-000520,0.93523,0.938068,93.81,1
SYN-CA-029967,0.204931,0.189295,18.93,0
SYN-CA-020378,0.399241,0.383916,38.39,0
SYN-CA-020379,0.277864,0.26128,26.13,0
SYN-CA-026055,0.426789,0.412133,41.21,0
SYN-CA-001272,0.08035,0.070708,7.07,0
SYN-CA-012263,0.10887,0.09723,9.72,0
SYN-CA-022710,0.069532,0.060776,6.08,0
SYN-CA-009781,0.179486,0.164565,16.46,0
SYN-CA-001706,0.302605,0.286022,28.6,0
SYN-CA-014237,0.236242,0.220013,22.0,0
SYN-CA-013478,0.197342,0.181896,18.19,0
SYN-CA-021763,0.211352,0.19557,19.56,0
SYN-CA-019788,0.350228,0.334034,33.4,0
SYN-CA-019789,0.842019,0.843546,84.35,1
SYN-CA-018816,0.892101,0.894722,89.47,1
SYN-CA-007569,0.943133,0.945904,94.59,1
SYN-CA-004230,0.702752,0.69896,69.9,1
SYN-CA-030589,0.493555,0.480969,48.1,0
SYN-CA-003277,0.479436,0.466365,46.64,0
SYN-CA-004893,0.90077,0.9035,90.35,1
SYN-CA-013036,0.894999,0.89766,89.77,1
SYN-CA-011701,0.967603,0.969854,96.99,1
SYN-CA-003478,0.449525,0.435508,43.55,0
SYN-CA-001236,0.955176,0.957758,95.78,1
SYN-CA-019600,0.162557,0.148237,14.82,0
SYN-CA-021195,0.434795,0.420356,42.04,0
SYN-CA-027624,0.27958,0.262992,26.3,0
SYN-CA-012482,0.56449,0.554635,55.46,1
SYN-CA-018112,0.111169,0.099388,9.94,0
SYN-CA-005698,0.921634,0.9245,92.45,1
SYN-CA-018903,0.137565,0.124336,12.43,0
SYN-CA-034675,0.856983,0.858908,85.89,1
SYN-CA-015877,0.40909,0.393991,39.4,0
SYN-CA-003488,0.141083,0.127685,12.77,0
SYN-CA-013920,0.855557,0.857447,85.74,1
SYN-CA-022409,0.277121,0.26054,26.05,0
SYN-CA-009710,0.255527,0.239076,23.91,0
SYN-CA-012900,0.400548,0.385252,38.53,0
SYN-CA-029057,0.701089,0.697222,69.72,1
SYN-CA-033529,0.386679,0.37109,37.11,0
SYN-CA-022643,0.747003,0.745109,74.51,1
SYN-CA-007737,0.1634,0.149048,14.9,0
SYN-CA-007739,0.083621,0.073726,7.37,0
SYN-CA-007433,0.457178,0.443392,44.34,0
SYN-CA-007435,0.582134,0.573019,57.3,1
SYN-CA-011447,0.216962,0.201062,20.11,0
SYN-CA-011449,0.413143,0.398141,39.81,0
SYN-CA-029802,0.497804,0.485368,48.54,0
SYN-CA-005879,0.874822,0.877147,87.71,1
SYN-CA-006856,0.684869,0.680285,68.03,1
SYN-CA-015199,0.945622,0.948362,94.84,1
SYN-CA-021052,0.436453,0.42206,42.21,0
SYN-CA-008485,0.184515,0.169434,16.94,0
SYN-CA-020861,0.112027,0.100194,10.02,0
SYN-CA-001313,0.574522,0.565085,56.51,1
SYN-CA-014143,0.821104,0.821996,82.2,1
SYN-CA-024637,0.181963,0.166962,16.7,0
SYN-CA-024640,0.28671,0.270109,27.01,0
SYN-CA-013687,0.891807,0.894424,89.44,1
SYN-CA-033006,0.193796,0.178446,17.84,0
SYN-CA-033650,0.689748,0.685381,68.54,1
SYN-CA-023726,0.487378,0.474576,47.46,0
SYN-CA-021471,0.937072,0.939898,93.99,1
SYN-CA-001156,0.75478,0.753207,75.32,1
SYN-CA-008879,0.371629,0.355761,35.58,0
SYN-CA-008517,0.127043,0.114353,11.44,0
SYN-CA-008518,0.162779,0.14845,14.85,0
SYN-CA-029503,0.916409,0.919259,91.93,1
SYN-CA-008025,0.818624,0.819434,81.94,1
SYN-CA-008344,0.24048,0.224193,22.42,0
SYN-CA-004065,0.174233,0.159487,15.95,0
SYN-CA-010465,0.176838,0.162003,16.2,0
SYN-CA-032990,0.422727,0.407965,40.8,0
SYN-CA-009761,0.053951,0.046618,4.66,0
SYN-CA-028395,0.95483,0.957418,95.74,1
SYN-CA-024110,0.165137,0.150718,15.07,0
SYN-CA-015419,0.219445,0.203497,20.35,0
SYN-CA-003170,0.601922,0.593657,59.37,1
SYN-CA-025643,0.324943,0.308481,30.85,0
SYN-CA-003950,0.902974,0.905728,90.57,1
SYN-CA-028482,0.132823,0.119831,11.98,0
SYN-CA-027105,0.629095,0.622023,62.2,1
SYN-CA-025311,0.351177,0.334995,33.5,0
SYN-CA-032245,0.979179,0.980953,98.1,1
SYN-CA-004237,0.620786,0.613347,61.33,1
SYN-CA-006930,0.852076,0.853877,85.39,1
SYN-CA-016487,0.4337,0.41923,41.92,0
SYN-CA-009045,0.208712,0.192988,19.3,0
SYN-CA-018882,0.232704,0.216527,21.65,0
SYN-CA-013374,0.497784,0.485347,48.53,0
SYN-CA-026603,0.914636,0.917479,91.75,1
SYN-CA-001906,0.082867,0.07303,7.3,0
SYN-CA-032265,0.337968,0.321628,32.16,0
SYN-CA-020553,0.142999,0.129511,12.95,0
SYN-CA-000064,0.843269,0.844832,84.48,1
SYN-CA-026453,0.177319,0.162469,16.25,0
SYN-CA-027570,0.894533,0.897187,89.72,1
SYN-CA-011872,0.104472,0.093111,9.31,0
SYN-CA-029261,0.186425,0.171287,17.13,0
SYN-CA-029264,0.825019,0.826036,82.6,1
SYN-CA-002737,0.476344,0.46317,46.32,0
SYN-CA-019666,0.821031,0.82192,82.19,1
SYN-CA-002999,0.16018,0.145953,14.6,0
SYN-CA-001318,0.933128,0.935978,93.6,1
SYN-CA-032608,0.140153,0.126799,12.68,0
SYN-CA-007500,0.746229,0.744304,74.43,1
SYN-CA-003340,0.939344,0.942153,94.22,1
SYN-CA-006514,0.277304,0.260722,26.07,0
SYN-CA-015848,0.161566,0.147285,14.73,0
SYN-CA-011592,0.269618,0.253068,25.31,0
SYN-CA-004952,0.590669,0.581918,58.19,1
SYN-CA-004954,0.260519,0.244027,24.4,0
SYN-CA-026151,0.346828,0.33059,33.06,0
SYN-CA-026155,0.529179,0.517909,51.79,1
SYN-CA-031349,0.291126,0.274524,27.45,0
SYN-CA-024791,0.327024,0.310579,31.06,0
SYN-CA-024793,0.68245,0.677758,67.78,1
SYN-CA-015340,0.867887,0.870067,87.01,1
SYN-CA-021015,0.218473,0.202543,20.25,0
SYN-CA-031880,0.7084,0.704855,70.49,1
SYN-CA-010616,0.540792,0.529976,53.0,1
SYN-CA-025289,0.714767,0.7115,71.15,1
SYN-CA-021871,0.130374,0.117508,11.75,0
SYN-CA-022116,0.271575,0.255016,25.5,0
SYN-CA-004539,0.826331,0.82739,82.74,1
SYN-CA-020057,0.480368,0.467328,46.73,0
SYN-CA-008204,0.20112,0.185577,18.56,0
SYN-CA-022787,0.065998,0.057549,5.75,0
SYN-CA-029625,0.145682,0.132071,13.21,0
SYN-CA-006021,0.949068,0.95176,95.18,1
SYN-CA-013939,0.697311,0.693278,69.33,1
SYN-CA-011538,0.177408,0.162554,16.26,0
SYN-CA-011539,0.275083,0.258509,25.85,0
SYN-CA-025618,0.347264,0.331031,33.1,0
SYN-CA-031081,0.130488,0.117616,11.76,0
SYN-CA-007987,0.893251,0.895888,89.59,1
SYN-CA-020289,0.157936,0.143799,14.38,0
SYN-CA-013140,0.463412,0.44982,44.98,0
SYN-CA-007371,0.717282,0.714124,71.41,1
SYN-CA-007375,0.173631,0.158905,15.89,0
SYN-CA-000859,0.653892,0.647925,64.79,1
SYN-CA-027576,0.324927,0.308465,30.85,0
SYN-CA-002224,0.965232,0.967558,96.76,1
SYN-CA-011862,0.83928,0.840729,84.07,1
SYN-CA-013589,0.291577,0.274975,27.5,0
SYN-CA-026204,0.892658,0.895287,89.53,1
SYN-CA-028412,0.768127,0.767092,76.71,1
SYN-CA-001115,0.429587,0.415006,41.5,0
SYN-CA-017804,0.239591,0.223316,22.33,0
SYN-CA-000541,0.424014,0.409285,40.93,0
SYN-CA-000544,0.963126,0.965514,96.55,1
SYN-CA-018159,0.26475,0.248229,24.82,0
SYN-CA-012542,0.927315,0.930182,93.02,1
SYN-CA-032458,0.409033,0.393932,39.39,0
SYN-CA-007201,0.28819,0.271589,27.16,0
SYN-CA-009284,0.95464,0.957233,95.72,1
SYN-CA-006018,0.862271,0.864323,86.43,1
SYN-CA-011955,0.199847,0.184337,18.43,0
SYN-CA-034950,0.095086,0.084355,8.44,0
SYN-CA-021255,0.888271,0.890835,89.08,1
SYN-CA-002586,0.079448,0.069877,6.99,0
SYN-CA-031928,0.648957,0.642769,64.28,1
SYN-CA-014534,0.76315,0.761917,76.19,1
SYN-CA-003561,0.941601,0.944388,94.44,1
SYN-CA-009543,0.640641,0.634083,63.41,1
SYN-CA-032149,0.308379,0.291816,29.18,0
SYN-CA-004054,0.35435,0.338211,33.82,0
SYN-CA-011734,0.718194,0.715076,71.51,1
SYN-CA-032854,0.79983,0.799995,80.0,1
SYN-CA-020884,0.449299,0.435275,43.53,0
SYN-CA-028265,0.28334,0.266744,26.67,0
SYN-CA-013992,0.890378,0.892974,89.3,1
SYN-CA-012755,0.922939,0.925807,92.58,1
SYN-CA-026214,0.137459,0.124236,12.42,0
SYN-CA-029859,0.871953,0.874219,87.42,1
SYN-CA-014710,0.197335,0.18189,18.19,0
SYN-CA-019213,0.082613,0.072796,7.28,0
SYN-CA-019215,0.864316,0.866416,86.64,1
SYN-CA-026656,0.558859,0.548772,54.88,1
SYN-CA-026658,0.885987,0.888514,88.85,1
SYN-CA-024626,0.310912,0.294361,29.44,0
SYN-CA-016090,0.214753,0.198898,19.89,0
SYN-CA-027062,0.304145,0.287566,28.76,0
SYN-CA-019659,0.438018,0.423669,42.37,0
SYN-CA-027259,0.54432,0.533645,53.36,1
SYN-CA-020898,0.432554,0.418053,41.81,0
SYN-CA-008932,0.269717,0.253167,25.32,0
SYN-CA-026509,0.53155,0.520371,52.04,1
SYN-CA-027421,0.106332,0.094853,9.49,0
SYN-CA-021673,0.253332,0.236901,23.69,0
SYN-CA-016105,0.148443,0.134708,13.47,0
SYN-CA-020087,0.2143,0.198456,19.85,0
SYN-CA-014113,0.307898,0.291333,29.13,0
SYN-CA-017593,0.413419,0.398424,39.84,0
SYN-CA-000458,0.673894,0.668821,66.88,1
SYN-CA-005444,0.921691,0.924557,92.46,1
SYN-CA-022087,0.877628,0.880008,88.0,1
SYN-CA-026298,0.822716,0.82366,82.37,1
SYN-CA-016871,0.115155,0.103134,10.31,0
SYN-CA-005757,0.171031,0.156396,15.64,0
SYN-CA-026157,0.56135,0.551365,55.14,1
SYN-CA-026159,0.972869,0.974927,97.49,1
SYN-CA-031163,0.235369,0.219153,21.92,0
SYN-CA-034987,0.216768,0.200872,20.09,0
SYN-CA-020077,0.172186,0.157511,15.75,0
SYN-CA-019506,0.464971,0.451428,45.14,0
SYN-CA-019508,0.217575,0.201663,20.17,0
SYN-CA-030689,0.357053,0.340953,34.1,0
SYN-CA-012597,0.390863,0.375359,37.54,0
SYN-CA-024523,0.072833,0.063799,6.38,0
SYN-CA-009083,0.142485,0.129022,12.9,0
SYN-CA-003745,0.653285,0.64729,64.73,1
SYN-CA-003955,0.12681,0.114132,11.41,0
SYN-CA-019624,0.583126,0.574053,57.41,1
SYN-CA-020816,0.060162,0.052239,5.22,0
SYN-CA-021824,0.33639,0.320033,32.0,0
SYN-CA-028802,0.175817,0.161017,16.1,0
SYN-CA-006029,0.298918,0.282325,28.23,0
SYN-CA-027329,0.772817,0.771967,77.2,1
SYN-CA-007823,0.927475,0.930342,93.03,1
SYN-CA-019640,0.210357,0.194597,19.46,0
SYN-CA-015883,0.281584,0.264991,26.5,0
SYN-CA-021076,0.756619,0.755121,75.51,1
SYN-CA-015318,0.90927,0.912079,91.21,1
SYN-CA-025487,0.839844,0.841309,84.13,1
SYN-CA-027594,0.098667,0.08769,8.77,0
SYN-CA-010936,0.728943,0.726288,72.63,1
SYN-CA-022490,0.153678,0.139716,13.97,0
SYN-CA-002679,0.439442,0.425133,42.51,0
SYN-CA-022832,0.84286,0.844411,84.44,1
SYN-CA-034316,0.913793,0.916631,91.66,1
SYN-CA-034320,0.4336,0.419128,41.91,0
SYN-CA-001951,0.903158,0.905913,90.59,1
SYN-CA-023299,0.324426,0.30796,30.8,0
SYN-CA-023300,0.939691,0.942496,94.25,1
SYN-CA-030039,0.503888,0.49167,49.17,0
SYN-CA-021820,0.641232,0.6347,63.47,1
SYN-CA-007252,0.725483,0.72268,72.27,1
SYN-CA-003343,0.628893,0.621813,62.18,1
SYN-CA-023858,0.892529,0.895156,89.52,1
SYN-CA-020927,0.214245,0.198401,19.84,0
SYN-CA-020929,0.325763,0.309308,30.93,0
SYN-CA-008384,0.075981,0.066688,6.67,0
SYN-CA-002151,0.476565,0.463399,46.34,0
SYN-CA-031717,0.546471,0.535881,53.59,1
SYN-CA-005064,0.491145,0.478474,47.85,0
SYN-CA-005065,0.289,0.272398,27.24,0
SYN-CA-028013,0.219268,0.203323,20.33,0
SYN-CA-016480,0.847598,0.84928,84.93,1
SYN-CA-029893,0.909577,0.912388,91.24,1
SYN-CA-030753,0.068289,0.05964,5.96,0
SYN-CA-028121,0.870683,0.872923,87.29,1
SYN-CA-009539,0.693719,0.689528,68.95,1
SYN-CA-025611,0.240925,0.224632,22.46,0
SYN-CA-025613,0.213524,0.197696,19.77,0
SYN-CA-018965,0.929558,0.932421,93.24,1
SYN-CA-021121,0.293766,0.277166,27.72,0
SYN-CA-031400,0.3535,0.337349,33.73,0
SYN-CA-027835,0.154598,0.140599,14.06,0
SYN-CA-007471,0.966106,0.968406,96.84,1
SYN-CA-007473,0.525109,0.513682,51.37,1
SYN-CA-030032,0.45142,0.437459,43.75,0
SYN-CA-027147,0.351249,0.335068,33.51,0
SYN-CA-027581,0.699943,0.696026,69.6,1
SYN-CA-024260,0.233757,0.217565,21.76,0
SYN-CA-027066,0.222578,0.206571,20.66,0
SYN-CA-020178,0.566941,0.557188,55.72,1
SYN-CA-018629,0.334647,0.318272,31.83,0
SYN-CA-018630,0.077631,0.068205,6.82,0
SYN-CA-004640,0.303134,0.286552,28.66,0
SYN-CA-012466,0.057748,0.050051,5.01,0
SYN-CA-012469,0.264015,0.247498,24.75,0
SYN-CA-015260,0.773673,0.772857,77.29,1
SYN-CA-010252,0.17414,0.159397,15.94,0
SYN-CA-025340,0.529154,0.517883,51.79,1
SYN-CA-012287,0.413358,0.398361,39.84,0
SYN-CA-014306,0.304484,0.287907,28.79,0
SYN-CA-026583,0.099314,0.088293,8.83,0
SYN-CA-005184,0.923113,0.925981,92.6,1
SYN-CA-005652,0.718659,0.715561,71.56,1
SYN-CA-005817,0.401268,0.385988,38.6,0
SYN-CA-000453,0.765249,0.7641,76.41,1
SYN-CA-013227,0.360145,0.344091,34.41,0
SYN-CA-030547,0.832535,0.833785,83.38,1
SYN-CA-005122,0.903706,0.906467,90.65,1
SYN-CA-018953,0.378434,0.362686,36.27,0
SYN-CA-022034,0.911447,0.914271,91.43,1
SYN-CA-002375,0.880659,0.883095,88.31,1
SYN-CA-008393,0.646007,0.639688,63.97,1
SYN-CA-015453,0.367445,0.351505,35.15,0
SYN-CA-015454,0.877667,0.880047,88.0,1
SYN-CA-024154,0.337922,0.321581,32.16,0
SYN-CA-008371,0.430166,0.415601,41.56,0
SYN-CA-023546,0.791663,0.791531,79.15,1
SYN-CA-000886,0.426932,0.41228,41.23,0
SYN-CA-013980,0.697352,0.693321,69.33,1
SYN-CA-001418,0.7619,0.760616,76.06,1
SYN-CA-009338,0.889668,0.892254,89.23,1
SYN-CA-009351,0.219707,0.203754,20.38,0
SYN-CA-006034,0.407956,0.39283,39.28,0
SYN-CA-012554,0.918461,0.92132,92.13,1
SYN-CA-031458,0.572951,0.563448,56.34,1
SYN-CA-023872,0.780204,0.779641,77.96,1
SYN-CA-012338,0.082001,0.072231,7.22,0
SYN-CA-012041,0.963871,0.966238,96.62,1
SYN-CA-019379,0.395345,0.379935,37.99,0
SYN-CA-017424,0.124324,0.111781,11.18,0
SYN-CA-015098,0.186255,0.171121,17.11,0
SYN-CA-015100,0.169244,0.154673,15.47,0
SYN-CA-033342,0.104127,0.092789,9.28,0
SYN-CA-032364,0.134444,0.12137,12.14,0
SYN-CA-027814,0.181302,0.166322,16.63,0
SYN-CA-029383,0.694677,0.690528,69.05,1
SYN-CA-004676,0.761865,0.76058,76.06,1
SYN-CA-013935,0.888662,0.891232,89.12,1
SYN-CA-033577,0.255138,0.238691,23.87,0
SYN-CA-009211,0.111139,0.099359,9.94,0
SYN-CA-030515,0.778148,0.777506,77.75,1
SYN-CA-008715,0.889848,0.892436,89.24,1
SYN-CA-022651,0.270808,0.254252,25.43,0
SYN-CA-024266,0.885934,0.88846,88.85,1
SYN-CA-006753,0.245274,0.228928,22.89,0
SYN-CA-003150,0.86832,0.870509,87.05,1
SYN-CA-026196,0.271656,0.255096,25.51,0
SYN-CA-001096,0.222092,0.206094,20.61,0
SYN-CA-031836,0.266111,0.249581,24.96,0
SYN-CA-016359,0.407683,0.39255,39.26,0
SYN-CA-029572,0.276113,0.259536,25.95,0
SYN-CA-020330,0.829707,0.830871,83.09,1
SYN-CA-005662,0.205914,0.190255,19.03,0
SYN-CA-027110,0.358541,0.342463,34.25,0
SYN-CA-028098,0.465729,0.45221,45.22,0
SYN-CA-031499,0.069605,0.060843,6.08,0
SYN-CA-007317,0.064794,0.056451,5.65,0
SYN-CA-028298,0.596308,0.5878,58.78,1
SYN-CA-025102,0.273792,0.257223,25.72,0
SYN-CA-011748,0.232282,0.216112,21.61,0
SYN-CA-001189,0.233387,0.2172,21.72,0
SYN-CA-014642,0.807596,0.808034,80.8,1
SYN-CA-016830,0.458397,0.444649,44.46,0
SYN-CA-001055,0.594747,0.586171,58.62,1
SYN-CA-002393,0.612519,0.604717,60.47,1
SYN-CA-009161,0.672475,0.667338,66.73,1
SYN-CA-003213,0.893333,0.895971,89.6,1
SYN-CA-004332,0.668389,0.66307,66.31,1
SYN-CA-027434,0.234038,0.217841,21.78,0
SYN-CA-017580,0.765288,0.764141,76.41,1
SYN-CA-024162,0.678212,0.673332,67.33,1
SYN-CA-018707,0.359498,0.343434,34.34,0
SYN-CA-024679,0.370017,0.354121,35.41,0
SYN-CA-029074,0.792593,0.792495,79.25,1
SYN-CA-018174,0.3715,0.355629,35.56,0
SYN-CA-005531,0.426614,0.411954,41.2,0
SYN-CA-000677,0.926564,0.929432,92.94,1
SYN-CA-021575,0.159919,0.145702,14.57,0
SYN-CA-023502,0.781808,0.781306,78.13,1
SYN-CA-009987,0.444381,0.430213,43.02,0
SYN-CA-009990,0.162299,0.147989,14.8,0
SYN-CA-027680,0.534278,0.523205,52.32,1
SYN-CA-031477,0.86522,0.86734,86.73,1
SYN-CA-033912,0.208387,0.192671,19.27,0
SYN-CA-010032,0.499859,0.487496,48.75,0
SYN-CA-010035,0.773092,0.772254,77.23,1
SYN-CA-034339,0.2273,0.21121,21.12,0
SYN-CA-004186,0.524987,0.513555,51.36,1
SYN-CA-016722,0.290847,0.274245,27.42,0
SYN-CA-012065,0.665341,0.659885,65.99,1
SYN-CA-003402,0.58202,0.572899,57.29,1
SYN-CA-016780,0.15967,0.145463,14.55,0
SYN-CA-005101,0.666043,0.660619,66.06,1
SYN-CA-011647,0.71116,0.707736,70.77,1
SYN-CA-031956,0.244159,0.227827,22.78,0
SYN-CA-006961,0.797158,0.797226,79.72,1
SYN-CA-031622,0.756944,0.755459,75.55,1
SYN-CA-013072,0.915727,0.918575,91.86,1
SYN-CA-015670,0.148393,0.13466,13.47,0
SYN-CA-015647,0.132329,0.119362,11.94,0
SYN-CA-029750,0.970558,0.972705,97.27,1
SYN-CA-028558,0.097473,0.086577,8.66,0
SYN-CA-026090,0.830163,0.831341,83.13,1
SYN-CA-012342,0.330958,0.314548,31.45,0
SYN-CA-032207,0.831718,0.832943,83.29,1
SYN-CA-018514,0.905182,0.907957,90.8,1
SYN-CA-029392,0.947715,0.950428,95.04,1
SYN-CA-021276,0.586673,0.577751,57.78,1
SYN-CA-007695,0.304317,0.287738,28.77,0
SYN-CA-023813,0.165203,0.150781,15.08,0
SYN-CA-008922,0.785197,0.784823,78.48,1
SYN-CA-030397,0.507729,0.495651,49.57,0
SYN-CA-030400,0.896574,0.899255,89.93,1
SYN-CA-000977,0.507744,0.495667,49.57,0
SYN-CA-034481,0.140958,0.127567,12.76,0
SYN-CA-027121,0.069973,0.061179,6.12,0
SYN-CA-021395,0.907826,0.910624,91.06,1
SYN-CA-007341,0.738638,0.736395,73.64,1
SYN-CA-022891,0.306941,0.290372,29.04,0
SYN-CA-017603,0.161546,0.147265,14.73,0
SYN-CA-004390,0.865862,0.867996,86.8,1
SYN-CA-017072,0.463754,0.450173,45.02,0
SYN-CA-027462,0.185441,0.170332,17.03,0
SYN-CA-034467,0.189347,0.174122,17.41,0
SYN-CA-008312,0.256414,0.239955,24.0,0
SYN-CA-029711,0.320064,0.303566,30.36,0
SYN-CA-029714,0.282894,0.266298,26.63,0
SYN-CA-026262,0.121393,0.109013,10.9,0
SYN-CA-006937,0.128194,0.115443,11.54,0
SYN-CA-015241,0.32642,0.30997,31.0,0
SYN-CA-015365,0.212181,0.196381,19.64,0
SYN-CA-029467,0.29873,0.282137,28.21,0
SYN-CA-029470,0.495493,0.482974,48.3,0
SYN-CA-018211,0.658233,0.65246,65.25,1
SYN-CA-018214,0.625336,0.618098,61.81,1
SYN-CA-016536,0.51943,0.507787,50.78,1
SYN-CA-019382,0.084062,0.074134,7.41,0
SYN-CA-010768,0.368586,0.352665,35.27,0
SYN-CA-013276,0.759554,0.758176,75.82,1
SYN-CA-031372,0.191923,0.176625,17.66,0
SYN-CA-032054,0.292406,0.275805,27.58,0
SYN-CA-005075,0.797769,0.79786,79.79,1
SYN-CA-010207,0.542827,0.532092,53.21,1
SYN-CA-001208,0.945439,0.948182,94.82,1
SYN-CA-004346,0.56102,0.551022,55.1,1
SYN-CA-032946,0.658527,0.652767,65.28,1
SYN-CA-016627,0.445456,0.431319,43.13,0
SYN-CA-019537,0.855828,0.857724,85.77,1
SYN-CA-013899,0.698397,0.694412,69.44,1
SYN-CA-034281,0.3272,0.310756,31.08,0
SYN-CA-031107,0.290283,0.273681,27.37,0
SYN-CA-017358,0.759266,0.757876,75.79,1
SYN-CA-019702,0.610494,0.602602,60.26,1
SYN-CA-016424,0.233463,0.217275,21.73,0
SYN-CA-023328,0.212528,0.19672,19.67,0
SYN-CA-007076,0.520026,0.508405,50.84,1
SYN-CA-026594,0.217163,0.20126,20.13,0
SYN-CA-028776,0.078021,0.068564,6.86,0
SYN-CA-028572,0.858564,0.860528,86.05,1
SYN-CA-028575,0.4774,0.464261,46.43,0
SYN-CA-000158,0.206498,0.190826,19.08,0
SYN-CA-018142,0.271191,0.254633,25.46,0
SYN-CA-033290,0.398541,0.3832,38.32,0
SYN-CA-020531,0.187509,0.172338,17.23,0
SYN-CA-015016,0.7001,0.69619,69.62,1
SYN-CA-021386,0.779663,0.779079,77.91,1
SYN-CA-011476,0.956501,0.959055,95.91,1
SYN-CA-034546,0.322209,0.305726,30.57,0
SYN-CA-034550,0.219868,0.203912,20.39,0
SYN-CA-025492,0.063829,0.055573,5.56,0
SYN-CA-025493,0.127139,0.114443,11.44,0
SYN-CA-031646,0.195934,0.180526,18.05,0
SYN-CA-031649,0.182705,0.16768,16.77,0
SYN-CA-017836,0.614137,0.606405,60.64,1
SYN-CA-009657,0.938153,0.940971,94.1,1
SYN-CA-010211,0.812962,0.813584,81.36,1
SYN-CA-028812,0.623391,0.616067,61.61,1
SYN-CA-008299,0.218871,0.202934,20.29,0
SYN-CA-034661,0.313931,0.297395,29.74,0
SYN-CA-031120,0.563163,0.553252,55.33,1
SYN-CA-021616,0.494638,0.48209,48.21,0
SYN-CA-017990,0.893627,0.896269,89.63,1
SYN-CA-011015,0.874064,0.876373,87.64,1
SYN-CA-019553,0.709198,0.705688,70.57,1
SYN-CA-014116,0.472121,0.458808,45.88,0
SYN-CA-014117,0.213468,0.197641,19.76,0
SYN-CA-019796,0.933686,0.936532,93.65,1
SYN-CA-027981,0.368109,0.35218,35.22,0
SYN-CA-000774,0.95785,0.960373,96.04,1
SYN-CA-016867,0.231666,0.215505,21.55,0
SYN-CA-034516,0.160897,0.146642,14.66,0
SYN-CA-008079,0.115284,0.103256,10.33,0
SYN-CA-001683,0.860937,0.862958,86.3,1
SYN-CA-029424,0.684579,0.679982,68.0,1
SYN-CA-017934,0.886494,0.88903,88.9,1
SYN-CA-017935,0.868906,0.871108,87.11,1
SYN-CA-011681,0.107452,0.095902,9.59,0
SYN-CA-029949,0.871115,0.873364,87.34,1
SYN-CA-027779,0.319801,0.303301,30.33,0
SYN-CA-021591,0.297275,0.280679,28.07,0
SYN-CA-006141,0.88135,0.883798,88.38,1
SYN-CA-027252,0.268765,0.252219,25.22,0
SYN-CA-017263,0.18145,0.166465,16.65,0
SYN-CA-027406,0.106137,0.09467,9.47,0
SYN-CA-000731,0.131467,0.118545,11.85,0
SYN-CA-000734,0.780796,0.780255,78.03,1
SYN-CA-008015,0.667765,0.662418,66.24,1
SYN-CA-012522,0.894693,0.89735,89.73,1
SYN-CA-001550,0.444993,0.430842,43.08,0
SYN-CA-032725,0.466763,0.453277,45.33,0
SYN-CA-019053,0.744056,0.74204,74.2,1
SYN-CA-023024,0.311383,0.294834,29.48,0
SYN-CA-001607,0.307517,0.290951,29.1,0
SYN-CA-018133,0.335613,0.319248,31.92,0
SYN-CA-012373,0.266161,0.249631,24.96,0
SYN-CA-009789,0.439801,0.425501,42.55,0
SYN-CA-004915,0.065577,0.057165,5.72,0
SYN-CA-027054,0.40764,0.392506,39.25,0
SYN-CA-020792,0.239784,0.223507,22.35,0
SYN-CA-017068,0.349028,0.332817,33.28,0
SYN-CA-004931,0.246872,0.230508,23.05,0
SYN-CA-004932,0.805278,0.805635,80.56,1
SYN-CA-024906,0.714091,0.710795,71.08,1
SYN-CA-011346,0.149792,0.135998,13.6,0
SYN-CA-012304,0.687542,0.683077,68.31,1
SYN-CA-001410,0.096064,0.085265,8.53,0
SYN-CA-021682,0.129479,0.11666,11.67,0
SYN-CA-034711,0.836247,0.837607,83.76,1
SYN-CA-023318,0.972874,0.974932,97.49,1
SYN-CA-028562,0.336216,0.319857,31.99,0
SYN-CA-004588,0.186131,0.171001,17.1,0
SYN-CA-008776,0.173226,0.158514,15.85,0
SYN-CA-015468,0.150515,0.136689,13.67,0
SYN-CA-008906,0.447201,0.433115,43.31,0
SYN-CA-004123,0.856774,0.858694,85.87,1
SYN-CA-012487,0.910745,0.913565,91.36,1
SYN-CA-033544,0.879918,0.88234,88.23,1
SYN-CA-002060,0.327318,0.310876,31.09,0
SYN-CA-004993,0.187631,0.172457,17.25,0
SYN-CA-029050,0.086866,0.076726,7.67,0
SYN-CA-011377,0.192935,0.177608,17.76,0
SYN-CA-016313,0.905098,0.907872,90.79,1
SYN-CA-019064,0.370062,0.354166,35.42,0
SYN-CA-002303,0.450037,0.436035,43.6,0
SYN-CA-011775,0.467181,0.453709,45.37,0
SYN-CA-031832,0.50439,0.49219,49.22,0
SYN-CA-016317,0.238326,0.222068,22.21,0
SYN-CA-016320,0.704566,0.700852,70.09,1
SYN-CA-022185,0.215642,0.199769,19.98,0
SYN-CA-006998,0.199716,0.184208,18.42,0
SYN-CA-006999,0.776183,0.775465,77.55,1
SYN-CA-020710,0.201123,0.185581,18.56,0
SYN-CA-026621,0.630098,0.623071,62.31,1
SYN-CA-004761,0.263805,0.24729,24.73,0
SYN-CA-004762,0.726871,0.724127,72.41,1
SYN-CA-017316,0.902584,0.905333,90.53,1
SYN-CA-012932,0.280996,0.264404,26.44,0
SYN-CA-012934,0.861565,0.863601,86.36,1
SYN-CA-020358,0.59812,0.58969,58.97,1
SYN-CA-010160,0.402704,0.387456,38.75,0
SYN-CA-025395,0.736626,0.734298,73.43,1
SYN-CA-018799,0.173703,0.158975,15.9,0
SYN-CA-033323,0.74805,0.7462,74.62,1
SYN-CA-018775,0.688638,0.684221,68.42,1
SYN-CA-013486,0.580793,0.571621,57.16,1
SYN-CA-018534,0.287378,0.270777,27.08,0
SYN-CA-011069,0.604874,0.596737,59.67,1
SYN-CA-031280,0.637554,0.630858,63.09,1
SYN-CA-030242,0.887682,0.890237,89.02,1
SYN-CA-028169,0.624192,0.616903,61.69,1
SYN-CA-001030,0.134422,0.121349,12.13,0
SYN-CA-010124,0.536578,0.525596,52.56,1
SYN-CA-019816,0.320774,0.304281,30.43,0
SYN-CA-019803,0.541219,0.53042,53.04,1
SYN-CA-021936,0.221557,0.205569,20.56,0
SYN-CA-015828,0.073724,0.064615,6.46,0
SYN-CA-011289,0.192308,0.176999,17.7,0
SYN-CA-024843,0.904856,0.907628,90.76,1
SYN-CA-006228,0.187629,0.172454,17.25,0
