PATIENT_ID,CURRENT_RISK_ORIGINAL_PROB,CURRENT_RISK_CALIBRATED_PROB,CURRENT_RISK_CALIBRATED_PERCENT,CURRENT_RISK_PREDICTION
SYN-CA-007811,0.97935,0.974059,97.41,1
SYN-CA-007814,0.236625,0.119872,11.99,0
SYN-CA-023836,0.280756,0.149809,14.98,0
SYN-CA-025202,0.994707,0.994312,99.43,1
SYN-CA-000101,0.222211,0.110589,11.06,0
SYN-CA-034708,0.100023,0.041511,4.15,0
SYN-CA-005493,0.002108,0.000517,0.05,0
SYN-CA-024295,0.710405,0.578625,57.86,1
SYN-CA-005956,0.979925,0.97486,97.49,1
SYN-CA-028406,0.997521,0.997562,99.76,1
SYN-CA-025679,0.979293,0.97398,97.4,1
SYN-CA-012508,0.018142,0.005802,0.58,0
SYN-CA-018273,0.266489,0.139879,13.99,0
SYN-CA-011671,0.605178,0.448142,44.81,0
SYN-CA-031745,0.497477,0.332581,33.26,0
SYN-CA-021441,0.159271,0.072853,7.29,0
SYN-CA-020936,0.991529,0.990386,99.04,1
SYN-CA-014463,0.069721,0.027132,2.71,0
SYN-CA-027991,0.002991,0.000765,0.08,0
SYN-CA-009632,0.511639,0.346775,34.68,0
SYN-CA-009780,0.056294,0.021155,2.12,0
SYN-CA-020687,0.00282,0.000717,0.07,0
SYN-CA-023869,0.351451,0.202677,20.27,0
SYN-CA-023870,0.007325,0.002089,0.21,0
SYN-CA-021368,0.685,0.545503,54.55,1
SYN-CA-004496,0.998191,0.998285,99.83,1
SYN-CA-004499,0.017242,0.005478,0.55,0
SYN-CA-000203,0.006797,0.001921,0.19,0
SYN-CA-000204,0.008438,0.002449,0.24,0
SYN-CA-020583,0.010469,0.003121,0.31,0
SYN-CA-012816,0.002839,0.000722,0.07,0
SYN-CA-031731,0.008755,0.002552,0.26,0
SYN-CA-031734,0.321084,0.17921,17.92,0
SYN-CA-004296,0.853794,0.783465,78.35,1
SYN-CA-029479,0.762781,0.650092,65.01,1
SYN-CA-011127,0.030665,0.010529,1.05,0
SYN-CA-020980,0.96581,0.954647,95.46,1
SYN-CA-012892,0.008198,0.002371,0.24,0
SYN-CA-019348,0.02854,0.009702,0.97,0
SYN-CA-003659,0.991238,0.990017,99.0,1
SYN-CA-007196,0.001502,0.000354,0.04,0
SYN-CA-011406,0.041864,0.015034,1.5,0
SYN-CA-011759,0.951453,0.933298,93.33,1
SYN-CA-011495,0.044864,0.016279,1.63,0
SYN-CA-008929,0.0124,0.003776,0.38,0
SYN-CA-005180,0.002,0.000488,0.05,0
SYN-CA-002671,0.04094,0.014654,1.47,0
SYN-CA-002675,0.626819,0.473533,47.35,0
SYN-CA-009517,0.295148,0.160074,16.01,0
SYN-CA-029888,0.554089,0.391114,39.11,0
SYN-CA-029889,0.006438,0.001807,0.18,0
SYN-CA-019374,0.055277,0.020713,2.07,0
SYN-CA-001673,0.00678,0.001915,0.19,0
SYN-CA-012547,0.167497,0.077527,7.75,0
SYN-CA-013274,0.434816,0.273251,27.33,0
SYN-CA-010486,0.00155,0.000367,0.04,0
SYN-CA-016996,0.075842,0.02994,2.99,0
SYN-CA-015282,0.928789,0.898767,89.88,1
SYN-CA-020312,0.094541,0.038823,3.88,0
SYN-CA-007686,0.00771,0.002213,0.22,0
SYN-CA-032942,0.040234,0.014364,1.44,0
SYN-CA-007651,0.001743,0.000418,0.04,0
SYN-CA-003534,0.035873,0.012595,1.26,0
SYN-CA-002910,0.029478,0.010066,1.01,0
SYN-CA-017460,0.023401,0.007742,0.77,0
SYN-CA-027947,0.006075,0.001693,0.17,0
SYN-CA-032780,0.002139,0.000526,0.05,0
SYN-CA-017445,0.977744,0.971808,97.18,1
SYN-CA-006838,0.098102,0.040565,4.06,0
SYN-CA-010874,0.014278,0.004427,0.44,0
SYN-CA-027614,0.990873,0.989552,98.96,1
SYN-CA-011829,0.224427,0.112,11.2,0
SYN-CA-025128,0.827524,0.743927,74.39,1
SYN-CA-025129,0.9863,0.983567,98.36,1
SYN-CA-007972,0.991005,0.98972,98.97,1
SYN-CA-025399,0.997633,0.997685,99.77,1
SYN-CA-019777,0.997572,0.997618,99.76,1
SYN-CA-022900,0.036311,0.012772,1.28,0
SYN-CA-031561,0.968403,0.958432,95.84,1
SYN-CA-031563,0.098213,0.040619,4.06,0
SYN-CA-006663,0.277446,0.147484,14.75,0
SYN-CA-001490,0.65332,0.505643,50.56,1
SYN-CA-028878,0.001608,0.000382,0.04,0
SYN-CA-021465,0.107807,0.045391,4.54,0
SYN-CA-014466,0.936956,0.911286,91.13,1
SYN-CA-014470,0.010241,0.003044,0.3,0
SYN-CA-013522,0.039458,0.014047,1.4,0
SYN-CA-030929,0.002678,0.000676,0.07,0
SYN-CA-020538,0.956322,0.940601,94.06,1
SYN-CA-017975,0.951919,0.933999,93.4,1
SYN-CA-021791,0.968975,0.959263,95.93,1
SYN-CA-021795,0.154081,0.069944,6.99,0
SYN-CA-032296,0.0067,0.00189,0.19,0
SYN-CA-024028,0.019285,0.006218,0.62,0
SYN-CA-000406,0.002599,0.000654,0.07,0
SYN-CA-010161,0.967627,0.957302,95.73,1
SYN-CA-027915,0.120597,0.051926,5.19,0
SYN-CA-000636,0.048662,0.017876,1.79,0
SYN-CA-004292,0.993496,0.99284,99.28,1
SYN-CA-021916,0.711038,0.579464,57.95,1
SYN-CA-002016,0.107432,0.045203,4.52,0
SYN-CA-010025,0.011197,0.003366,0.34,0
SYN-CA-002762,0.039182,0.013934,1.39,0
SYN-CA-033233,0.001438,0.000337,0.03,0
SYN-CA-022277,0.053033,0.019743,1.97,0
SYN-CA-022280,0.993632,0.993008,99.3,1
SYN-CA-033626,0.002119,0.00052,0.05,0
SYN-CA-018237,0.020801,0.006774,0.68,0
SYN-CA-033697,0.988944,0.98706,98.71,1
SYN-CA-015152,0.366308,0.214584,21.46,0
SYN-CA-015154,0.042062,0.015116,1.51,0
SYN-CA-002192,0.177486,0.083307,8.33,0
SYN-CA-000364,0.791126,0.690476,69.05,1
SYN-CA-027498,0.95595,0.940046,94.0,1
SYN-CA-015424,0.979212,0.973867,97.39,1
SYN-CA-017872,0.994293,0.993813,99.38,1
SYN-CA-025021,0.024775,0.00826,0.83,0
SYN-CA-019179,0.7493,0.631297,63.13,1
SYN-CA-006476,0.780144,0.674694,67.47,1
SYN-CA-006478,0.001899,0.00046,0.05,0
SYN-CA-032962,0.823333,0.737689,73.77,1
SYN-CA-023841,0.997346,0.997369,99.74,1
SYN-CA-034588,0.011321,0.003408,0.34,0
SYN-CA-029106,0.997072,0.997064,99.71,1
SYN-CA-024178,0.792358,0.692257,69.23,1
SYN-CA-006004,0.564128,0.402,40.2,0
SYN-CA-006005,0.962431,0.949677,94.97,1
SYN-CA-022738,0.013836,0.004273,0.43,0
SYN-CA-025062,0.008338,0.002416,0.24,0
SYN-CA-025064,0.001253,0.000289,0.03,0
SYN-CA-011516,0.987282,0.984873,98.49,1
SYN-CA-033884,0.007618,0.002183,0.22,0
SYN-CA-019228,0.029786,0.010186,1.02,0
SYN-CA-015748,0.001736,0.000416,0.04,0
SYN-CA-023969,0.042675,0.015369,1.54,0
SYN-CA-020636,0.025125,0.008393,0.84,0
SYN-CA-003295,0.997755,0.997818,99.78,1
SYN-CA-021374,0.96749,0.957102,95.71,1
SYN-CA-000069,0.009102,0.002666,0.27,0
SYN-CA-017127,0.370358,0.21788,21.79,0
SYN-CA-019387,0.774696,0.666928,66.69,1
SYN-CA-007699,0.014729,0.004585,0.46,0
SYN-CA-033538,0.969945,0.960669,96.07,1
SYN-CA-007038,0.003667,0.000962,0.1,0
SYN-CA-010826,0.091991,0.037585,3.76,0
SYN-CA-003938,0.98254,0.978474,97.85,1
SYN-CA-005201,0.038408,0.013619,1.36,0
SYN-CA-017949,0.965271,0.953856,95.39,1
SYN-CA-011017,0.218963,0.10853,10.85,0
SYN-CA-011019,0.039094,0.013899,1.39,0
SYN-CA-001727,0.00179,0.000431,0.04,0
SYN-CA-024383,0.135836,0.059964,6.0,0
SYN-CA-007083,0.016672,0.005274,0.53,0
SYN-CA-002401,0.002504,0.000627,0.06,0
SYN-CA-023766,0.030048,0.010288,1.03,0
SYN-CA-013404,0.031399,0.010817,1.08,0
SYN-CA-032345,0.729945,0.604792,60.48,1
SYN-CA-024305,0.245314,0.125585,12.56,0
SYN-CA-017630,0.159891,0.073203,7.32,0
SYN-CA-034011,0.0207,0.006737,0.67,0
SYN-CA-034014,0.005569,0.001536,0.15,0
SYN-CA-030672,0.550929,0.387719,38.77,0
SYN-CA-030673,0.826422,0.742286,74.23,1
SYN-CA-019762,0.989241,0.987447,98.74,1
SYN-CA-023194,0.149097,0.06718,6.72,0
SYN-CA-012097,0.326949,0.183652,18.37,0
SYN-CA-023556,0.0037,0.000971,0.1,0
SYN-CA-030809,0.024232,0.008055,0.81,0
SYN-CA-007301,0.093212,0.038177,3.82,0
SYN-CA-005894,0.23757,0.120489,12.05,0
SYN-CA-011567,0.050219,0.018538,1.85,0
SYN-CA-019041,0.034604,0.012087,1.21,0
SYN-CA-032004,0.005168,0.001412,0.14,0
SYN-CA-023593,0.992963,0.992183,99.22,1
SYN-CA-000003,0.002244,0.000555,0.06,0
SYN-CA-024064,0.001806,0.000435,0.04,0
SYN-CA-024065,0.087728,0.035535,3.55,0
SYN-CA-023454,0.463021,0.299266,29.93,0
SYN-CA-013123,0.084492,0.033993,3.4,0
SYN-CA-024861,0.907861,0.866497,86.65,1
SYN-CA-001825,0.24328,0.12424,12.42,0
SYN-CA-023250,0.155604,0.070795,7.08,0
SYN-CA-006883,0.029555,0.010096,1.01,0
SYN-CA-001905,0.956485,0.940845,94.08,1
SYN-CA-017494,0.059989,0.022774,2.28,0
SYN-CA-006494,0.235751,0.119302,11.93,0
SYN-CA-019233,0.380796,0.226471,22.65,0
SYN-CA-024175,0.199589,0.096503,9.65,0
SYN-CA-031984,0.578478,0.417831,41.78,0
SYN-CA-004399,0.030664,0.010529,1.05,0
SYN-CA-000331,0.274359,0.145327,14.53,0
SYN-CA-000333,0.07788,0.030886,3.09,0
SYN-CA-016196,0.004644,0.001253,0.13,0
SYN-CA-010431,0.969264,0.959683,95.97,1
SYN-CA-030089,0.45184,0.28882,28.88,0
SYN-CA-008797,0.986819,0.98426,98.43,1
SYN-CA-024921,0.00823,0.002381,0.24,0
SYN-CA-033611,0.010837,0.003244,0.32,0
SYN-CA-029317,0.071971,0.028158,2.82,0
SYN-CA-015234,0.325867,0.182829,18.28,0
SYN-CA-017022,0.045823,0.01668,1.67,0
SYN-CA-032740,0.825207,0.740476,74.05,1
SYN-CA-000011,0.004096,0.001088,0.11,0
SYN-CA-020843,0.001659,0.000396,0.04,0
SYN-CA-031401,0.024257,0.008064,0.81,0
SYN-CA-029377,0.913511,0.875222,87.52,1
SYN-CA-016234,0.001689,0.000404,0.04,0
SYN-CA-016194,0.002468,0.000617,0.06,0
SYN-CA-032060,0.00223,0.000551,0.06,0
SYN-CA-021448,0.038731,0.013751,1.38,0
SYN-CA-021449,0.770949,0.661611,66.16,1
SYN-CA-016946,0.001219,0.00028,0.03,0
SYN-CA-023497,0.091073,0.037142,3.71,0
SYN-CA-015203,0.013316,0.004092,0.41,0
SYN-CA-024531,0.468854,0.304786,30.48,0
SYN-CA-022333,0.835638,0.756062,75.61,1
SYN-CA-006376,0.024073,0.007995,0.8,0
SYN-CA-010655,0.066602,0.025721,2.57,0
SYN-CA-030719,0.148447,0.066821,6.68,0
SYN-CA-024980,0.013945,0.004311,0.43,0
SYN-CA-013303,0.09763,0.040333,4.03,0
SYN-CA-002150,0.060302,0.022912,2.29,0
SYN-CA-007984,0.98768,0.985401,98.54,1
SYN-CA-015644,0.99822,0.998316,99.83,1
SYN-CA-007523,0.244004,0.124718,12.47,0
SYN-CA-003355,0.912391,0.873494,87.35,1
SYN-CA-012519,0.978428,0.972769,97.28,1
SYN-CA-004217,0.011947,0.003621,0.36,0
SYN-CA-004621,0.987922,0.98572,98.57,1
SYN-CA-007937,0.011977,0.003631,0.36,0
SYN-CA-032113,0.117545,0.050349,5.03,0
SYN-CA-018569,0.374361,0.221158,22.12,0
SYN-CA-014067,0.900102,0.85451,85.45,1
SYN-CA-000940,0.001504,0.000355,0.04,0
SYN-CA-016240,0.002217,0.000547,0.05,0
SYN-CA-029214,0.986616,0.983988,98.4,1
SYN-CA-029215,0.318575,0.177322,17.73,0
SYN-CA-006455,0.101947,0.042463,4.25,0
SYN-CA-011688,0.346842,0.19904,19.9,0
SYN-CA-016504,0.002463,0.000616,0.06,0
SYN-CA-007026,0.117818,0.050489,5.05,0
SYN-CA-006557,0.050464,0.018642,1.86,0
SYN-CA-015743,0.048578,0.017841,1.78,0
SYN-CA-015744,0.034525,0.012056,1.21,0
SYN-CA-021093,0.906152,0.863856,86.39,1
SYN-CA-020209,0.004558,0.001227,0.12,0
SYN-CA-024995,0.033814,0.011772,1.18,0
SYN-CA-002277,0.618907,0.464164,46.42,0
SYN-CA-007361,0.337541,0.191783,19.18,0
SYN-CA-029247,0.106964,0.044968,4.5,0
SYN-CA-004429,0.0507,0.018743,1.87,0
SYN-CA-030694,0.005689,0.001573,0.16,0
SYN-CA-019049,0.001232,0.000284,0.03,0
SYN-CA-019050,0.998246,0.998344,99.83,1
SYN-CA-016529,0.107752,0.045363,4.54,0
SYN-CA-024416,0.011301,0.003401,0.34,0
SYN-CA-033506,0.006273,0.001755,0.18,0
SYN-CA-022694,0.992967,0.992188,99.22,1
SYN-CA-013298,0.002177,0.000536,0.05,0
SYN-CA-028957,0.08497,0.03422,3.42,0
SYN-CA-028959,0.992923,0.992134,99.21,1
SYN-CA-005446,0.001619,0.000385,0.04,0
SYN-CA-026503,0.432336,0.271017,27.1,0
SYN-CA-020611,0.001478,0.000348,0.03,0
SYN-CA-029636,0.814069,0.723974,72.4,1
SYN-CA-029639,0.036038,0.012662,1.27,0
SYN-CA-013245,0.001417,0.000332,0.03,0
SYN-CA-016523,0.817119,0.728477,72.85,1
SYN-CA-013668,0.99792,0.997996,99.8,1
SYN-CA-015144,0.962612,0.949944,94.99,1
SYN-CA-008824,0.982563,0.978506,97.85,1
SYN-CA-020619,0.001165,0.000267,0.03,0
SYN-CA-029490,0.333441,0.18862,18.86,0
SYN-CA-008569,0.140115,0.06227,6.23,0
SYN-CA-017468,0.009802,0.002898,0.29,0
SYN-CA-020549,0.117811,0.050486,5.05,0
SYN-CA-019771,0.001595,0.000379,0.04,0
SYN-CA-007769,0.107994,0.045485,4.55,0
SYN-CA-012002,0.009105,0.002667,0.27,0
SYN-CA-006421,0.005103,0.001392,0.14,0
SYN-CA-012796,0.003972,0.001052,0.11,0
SYN-CA-006217,0.187613,0.089283,8.93,0
SYN-CA-020066,0.003479,0.000906,0.09,0
SYN-CA-023123,0.411783,0.252825,25.28,0
SYN-CA-023214,0.002193,0.000541,0.05,0
SYN-CA-032761,0.83592,0.756485,75.65,1
SYN-CA-011295,0.085501,0.034472,3.45,0
SYN-CA-008890,0.013755,0.004244,0.42,0
SYN-CA-022438,0.049523,0.018242,1.82,0
SYN-CA-019665,0.913178,0.874708,87.47,1
SYN-CA-031012,0.236247,0.119625,11.96,0
SYN-CA-028278,0.426097,0.265434,26.54,0
SYN-CA-005021,0.260375,0.135698,13.57,0
SYN-CA-001761,0.060101,0.022823,2.28,0
SYN-CA-001763,0.130808,0.057282,5.73,0
SYN-CA-001006,0.965474,0.954155,95.42,1
SYN-CA-014790,0.011927,0.003614,0.36,0
SYN-CA-034841,0.980863,0.976163,97.62,1
SYN-CA-008741,0.00809,0.002335,0.23,0
SYN-CA-029039,0.003023,0.000774,0.08,0
SYN-CA-011574,0.030118,0.010315,1.03,0
SYN-CA-017812,0.001478,0.000348,0.03,0
SYN-CA-017813,0.001381,0.000322,0.03,0
SYN-CA-001963,0.957164,0.941859,94.19,1
SYN-CA-003335,0.950388,0.931693,93.17,1
SYN-CA-026011,0.02819,0.009567,0.96,0
SYN-CA-011267,0.109558,0.046274,4.63,0
SYN-CA-023032,0.997987,0.998068,99.81,1
SYN-CA-033298,0.064103,0.0246,2.46,0
SYN-CA-031867,0.194973,0.093701,9.37,0
SYN-CA-022458,0.332942,0.188236,18.82,0
SYN-CA-018321,0.646578,0.497368,49.74,0
SYN-CA-034058,0.880288,0.823964,82.4,1
SYN-CA-011143,0.968004,0.95785,95.79,1
SYN-CA-027142,0.360494,0.20989,20.99,0
SYN-CA-002358,0.905842,0.863378,86.34,1
SYN-CA-010480,0.033873,0.011796,1.18,0
SYN-CA-004572,0.061049,0.023242,2.32,0
SYN-CA-006844,0.060212,0.022872,2.29,0
SYN-CA-028529,0.015803,0.004964,0.5,0
SYN-CA-030285,0.976312,0.969789,96.98,1
SYN-CA-019115,0.985691,0.982751,98.28,1
SYN-CA-030313,0.930829,0.9019,90.19,1
SYN-CA-006543,0.984586,0.981262,98.13,1
SYN-CA-033388,0.994782,0.994402,99.44,1
SYN-CA-008727,0.982174,0.977971,97.8,1
SYN-CA-000424,0.001737,0.000417,0.04,0
SYN-CA-034621,0.00215,0.000529,0.05,0
SYN-CA-022301,0.026897,0.009069,0.91,0
SYN-CA-011175,0.011083,0.003327,0.33,0
SYN-CA-025966,0.548742,0.385379,38.54,0
SYN-CA-027316,0.010269,0.003054,0.31,0
SYN-CA-030874,0.998488,0.998597,99.86,1
SYN-CA-012914,0.001532,0.000362,0.04,0
SYN-CA-005884,0.95091,0.932481,93.25,1
SYN-CA-004827,0.003911,0.001033,0.1,0
SYN-CA-012364,0.073747,0.028973,2.9,0
SYN-CA-024074,0.020248,0.00657,0.66,0
SYN-CA-016007,0.973854,0.966293,96.63,1
SYN-CA-023579,0.002233,0.000552,0.06,0
SYN-CA-004143,0.76222,0.649305,64.93,1
SYN-CA-021582,0.969754,0.960393,96.04,1
SYN-CA-021583,0.089185,0.036233,3.62,0
SYN-CA-007504,0.018658,0.005989,0.6,0
SYN-CA-003087,0.351502,0.202717,20.27,0
SYN-CA-032913,0.040355,0.014414,1.44,0
SYN-CA-009605,0.982484,0.978396,97.84,1
SYN-CA-007406,0.041399,0.014843,1.48,0
SYN-CA-027711,0.032463,0.011237,1.12,0
SYN-CA-027713,0.889169,0.837639,83.76,1
SYN-CA-003862,0.006592,0.001856,0.19,0
SYN-CA-026194,0.085063,0.034264,3.43,0
SYN-CA-008167,0.995301,0.99502,99.5,1
SYN-CA-025249,0.062554,0.023909,2.39,0
SYN-CA-009061,0.994224,0.993729,99.37,1
SYN-CA-022862,0.473869,0.309571,30.96,0
SYN-CA-022865,0.905488,0.862831,86.28,1
SYN-CA-006528,0.016589,0.005244,0.52,0
SYN-CA-028399,0.990143,0.988615,98.86,1
SYN-CA-007420,0.011703,0.003538,0.35,0
SYN-CA-006080,0.001267,0.000293,0.03,0
SYN-CA-028873,0.706375,0.573303,57.33,1
SYN-CA-007597,0.092174,0.037674,3.77,0
SYN-CA-003810,0.004655,0.001256,0.13,0
SYN-CA-008947,0.001713,0.00041,0.04,0
SYN-CA-002807,0.916271,0.879483,87.95,1
SYN-CA-034820,0.821026,0.734264,73.43,1
SYN-CA-034951,0.002323,0.000577,0.06,0
SYN-CA-002993,0.9928,0.99198,99.2,1
SYN-CA-016263,0.002392,0.000596,0.06,0
SYN-CA-002251,0.978013,0.972187,97.22,1
SYN-CA-002252,0.00263,0.000663,0.07,0
SYN-CA-020746,0.005506,0.001516,0.15,0
SYN-CA-030707,0.001701,0.000407,0.04,0
SYN-CA-001498,0.994855,0.99449,99.45,1
SYN-CA-002463,0.029065,0.009906,0.99,0
SYN-CA-031618,0.485722,0.321022,32.1,0
SYN-CA-001163,0.022256,0.007314,0.73,0
SYN-CA-017008,0.049228,0.018116,1.81,0
SYN-CA-032881,0.034009,0.01185,1.18,0
SYN-CA-021202,0.016877,0.005347,0.53,0
SYN-CA-021204,0.00214,0.000526,0.05,0
SYN-CA-016345,0.002082,0.00051,0.05,0
SYN-CA-012678,0.039031,0.013873,1.39,0
SYN-CA-007929,0.815352,0.725866,72.59,1
SYN-CA-018025,0.004298,0.001149,0.11,0
SYN-CA-024238,0.99418,0.993676,99.37,1
SYN-CA-024240,0.072591,0.028442,2.84,0
SYN-CA-004167,0.734482,0.610953,61.1,1
SYN-CA-007519,0.95599,0.940105,94.01,1
SYN-CA-011263,0.36454,0.213153,21.32,0
SYN-CA-010910,0.985038,0.981873,98.19,1
SYN-CA-020317,0.574866,0.413817,41.38,0
SYN-CA-020320,0.971813,0.963366,96.34,1
SYN-CA-000100,0.063319,0.02425,2.42,0
SYN-CA-029012,0.998522,0.998632,99.86,1
SYN-CA-019007,0.00191,0.000463,0.05,0
SYN-CA-012967,0.98683,0.984274,98.43,1
SYN-CA-008680,0.991903,0.990858,99.09,1
SYN-CA-027974,0.100721,0.041856,4.19,0
SYN-CA-003055,0.004582,0.001234,0.12,0
SYN-CA-016696,0.036349,0.012787,1.28,0
SYN-CA-019782,0.004011,0.001063,0.11,0
SYN-CA-003008,0.113994,0.048528,4.85,0
SYN-CA-004729,0.432349,0.271029,27.1,0
SYN-CA-000288,0.324744,0.181977,18.2,0
SYN-CA-020703,0.959153,0.944821,94.48,1
SYN-CA-006704,0.001481,0.000349,0.03,0
SYN-CA-014611,0.120479,0.051865,5.19,0
SYN-CA-013912,0.44343,0.281079,28.11,0
SYN-CA-028442,0.095798,0.039436,3.94,0
SYN-CA-015291,0.001417,0.000332,0.03,0
SYN-CA-008368,0.003349,0.000869,0.09,0
SYN-CA-011869,0.077687,0.030796,3.08,0
SYN-CA-025257,0.056445,0.021221,2.12,0
SYN-CA-025694,0.362592,0.21158,21.16,0
SYN-CA-005588,0.099914,0.041457,4.15,0
SYN-CA-016819,0.001219,0.00028,0.03,0
SYN-CA-014316,0.967561,0.957205,95.72,1
SYN-CA-014633,0.043125,0.015555,1.56,0
SYN-CA-007897,0.002709,0.000685,0.07,0
SYN-CA-002541,0.96914,0.959502,95.95,1
SYN-CA-034539,0.720667,0.592292,59.23,1
SYN-CA-007684,0.551618,0.388458,38.85,0
SYN-CA-031308,0.18715,0.089008,8.9,0
SYN-CA-027438,0.992488,0.991592,99.16,1
SYN-CA-003840,0.003852,0.001016,0.1,0
SYN-CA-028857,0.308751,0.170008,17.0,0
SYN-CA-016706,0.046353,0.016902,1.69,0
SYN-CA-016004,0.943083,0.92063,92.06,1
SYN-CA-023169,0.023192,0.007663,0.77,0
SYN-CA-032323,0.880558,0.82438,82.44,1
SYN-CA-022682,0.043203,0.015588,1.56,0
SYN-CA-032197,0.961604,0.948455,94.85,1
SYN-CA-015412,0.994945,0.994597,99.46,1
SYN-CA-009896,0.004083,0.001085,0.11,0
SYN-CA-016162,0.013933,0.004306,0.43,0
SYN-CA-019150,0.011769,0.00356,0.36,0
SYN-CA-034685,0.112673,0.047854,4.79,0
SYN-CA-025296,0.002202,0.000543,0.05,0
SYN-CA-009738,0.997346,0.997369,99.74,1
SYN-CA-017325,0.934387,0.907356,90.74,1
SYN-CA-008696,0.969055,0.959379,95.94,1
SYN-CA-008699,0.995106,0.994788,99.48,1
SYN-CA-030805,0.001833,0.000442,0.04,0
SYN-CA-015726,0.004302,0.00115,0.12,0
SYN-CA-019265,0.925383,0.893528,89.35,1
SYN-CA-029757,0.949152,0.929828,92.98,1
SYN-CA-029759,0.120566,0.05191,5.19,0
SYN-CA-005172,0.995637,0.995416,99.54,1
SYN-CA-031842,0.022085,0.00725,0.72,0
SYN-CA-010377,0.002427,0.000606,0.06,0
SYN-CA-011834,0.005924,0.001646,0.16,0
SYN-CA-031289,0.148525,0.066864,6.69,0
SYN-CA-000982,0.001244,0.000287,0.03,0
SYN-CA-004775,0.989465,0.987738,98.77,1
SYN-CA-008092,0.99695,0.996928,99.69,1
SYN-CA-019684,0.995169,0.994864,99.49,1
SYN-CA-028984,0.035474,0.012435,1.24,0
SYN-CA-032071,0.97073,0.961805,96.18,1
SYN-CA-011415,0.001579,0.000374,0.04,0
SYN-CA-016130,0.878959,0.821922,82.19,1
SYN-CA-013449,0.002067,0.000506,0.05,0
SYN-CA-019257,0.977426,0.971362,97.14,1
SYN-CA-007231,0.048149,0.017659,1.77,0
SYN-CA-001228,0.013512,0.00416,0.42,0
SYN-CA-004878,0.990284,0.988796,98.88,1
SYN-CA-028382,0.171821,0.080015,8.0,0
SYN-CA-007488,0.12304,0.053196,5.32,0
SYN-CA-014431,0.344536,0.197231,19.72,0
SYN-CA-034291,0.005622,0.001552,0.16,0
SYN-CA-031986,0.699615,0.564433,56.44,1
SYN-CA-000194,0.001998,0.000487,0.05,0
SYN-CA-016027,0.964974,0.953421,95.34,1
SYN-CA-013257,0.002619,0.00066,0.07,0
SYN-CA-001630,0.043641,0.01577,1.58,0
SYN-CA-021992,0.98698,0.984474,98.45,1
SYN-CA-021995,0.001629,0.000388,0.04,0
SYN-CA-026537,0.005468,0.001505,0.15,0
SYN-CA-015228,0.005305,0.001454,0.15,0
SYN-CA-003322,0.005516,0.001519,0.15,0
SYN-CA-006898,0.978115,0.97233,97.23,1
SYN-CA-007588,0.944579,0.922903,92.29,1
SYN-CA-010186,0.003139,0.000808,0.08,0
SYN-CA-018147,0.991856,0.990798,99.08,1
SYN-CA-003074,0.545857,0.382303,38.23,0
SYN-CA-030552,0.984272,0.980837,98.08,1
SYN-CA-031861,0.001376,0.000321,0.03,0
SYN-CA-015277,0.906502,0.864398,86.44,1
SYN-CA-015541,0.994923,0.99457,99.46,1
SYN-CA-033100,0.996619,0.996552,99.66,1
SYN-CA-009203,0.599705,0.441837,44.18,0
SYN-CA-012142,0.991827,0.990762,99.08,1
SYN-CA-012144,0.644857,0.495267,49.53,0
SYN-CA-017297,0.950345,0.931629,93.16,1
SYN-CA-030247,0.094016,0.038567,3.86,0
SYN-CA-032638,0.007724,0.002217,0.22,0
SYN-CA-029429,0.10126,0.042123,4.21,0
SYN-CA-007574,0.119921,0.051576,5.16,0
SYN-CA-012346,0.110975,0.046991,4.7,0
SYN-CA-005258,0.080574,0.032145,3.21,0
SYN-CA-003042,0.004066,0.001079,0.11,0
SYN-CA-034575,0.99865,0.998764,99.88,1
SYN-CA-009462,0.92419,0.891692,89.17,1
SYN-CA-021998,0.155142,0.070536,7.05,0
SYN-CA-029291,0.001382,0.000323,0.03,0
SYN-CA-003423,0.001952,0.000475,0.05,0
SYN-CA-000477,0.929487,0.89984,89.98,1
SYN-CA-026379,0.668645,0.524725,52.47,1
SYN-CA-021967,0.002023,0.000494,0.05,0
SYN-CA-019571,0.001612,0.000383,0.04,0
SYN-CA-030574,0.025829,0.008661,0.87,0
SYN-CA-009941,0.016159,0.005091,0.51,0
SYN-CA-032670,0.854094,0.783921,78.39,1
SYN-CA-005113,0.071755,0.028059,2.81,0
SYN-CA-022163,0.097694,0.040365,4.04,0
SYN-CA-022165,0.068691,0.026665,2.67,0
SYN-CA-021798,0.994087,0.993564,99.36,1
SYN-CA-015237,0.987563,0.985246,98.52,1
SYN-CA-023379,0.002146,0.000528,0.05,0
SYN-CA-031168,0.988129,0.985992,98.6,1
SYN-CA-015086,0.003818,0.001006,0.1,0
SYN-CA-023979,0.958351,0.943627,94.36,1
SYN-CA-030045,0.007839,0.002254,0.23,0
SYN-CA-033477,0.043049,0.015524,1.55,0
SYN-CA-016558,0.654696,0.507342,50.73,1
SYN-CA-000213,0.544269,0.380615,38.06,0
SYN-CA-004780,0.980746,0.976001,97.6,1
SYN-CA-034256,0.998113,0.998203,99.82,1
SYN-CA-013968,0.01081,0.003236,0.32,0
SYN-CA-034246,0.002209,0.000545,0.05,0
SYN-CA-018221,0.121816,0.052559,5.26,0
SYN-CA-018223,0.976861,0.970564,97.06,1
SYN-CA-004576,0.892262,0.842408,84.24,1
SYN-CA-004579,0.99857,0.998682,99.87,1
SYN-CA-003267,0.770702,0.661262,66.13,1
SYN-CA-012689,0.49496,0.330089,33.01,0
SYN-CA-017538,0.992864,0.99206,99.21,1
SYN-CA-027908,0.279951,0.149243,14.92,0
SYN-CA-034234,0.53813,0.374125,37.41,0
SYN-CA-009412,0.001408,0.00033,0.03,0
SYN-CA-028924,0.979541,0.974325,97.43,1
SYN-CA-019955,0.195658,0.094115,9.41,0
SYN-CA-030893,0.632641,0.480492,48.05,0
SYN-CA-009277,0.987918,0.985715,98.57,1
SYN-CA-030983,0.98985,0.988237,98.82,1
SYN-CA-010739,0.196992,0.094923,9.49,0
SYN-CA-010329,0.079744,0.031756,3.18,0
SYN-CA-017676,0.21874,0.108389,10.84,0
SYN-CA-003026,0.937748,0.912498,91.25,1
SYN-CA-017139,0.981202,0.976631,97.66,1
SYN-CA-011246,0.976544,0.970116,97.01,1
SYN-CA-014893,0.220401,0.10944,10.94,0
SYN-CA-003908,0.002084,0.000511,0.05,0
SYN-CA-027927,0.412664,0.253593,25.36,0
SYN-CA-010511,0.714896,0.584586,58.46,1
SYN-CA-032116,0.25013,0.12879,12.88,0
SYN-CA-028765,0.995442,0.995187,99.52,1
SYN-CA-016991,0.084728,0.034105,3.41,0
SYN-CA-030941,0.337803,0.191986,19.2,0
SYN-CA-015965,0.096369,0.039715,3.97,0
SYN-CA-015003,0.003869,0.001021,0.1,0
SYN-CA-004047,0.027517,0.009307,0.93,0
SYN-CA-009057,0.830349,0.748144,74.81,1
SYN-CA-029783,0.001219,0.00028,0.03,0
SYN-CA-029785,0.988188,0.98607,98.61,1
SYN-CA-032531,0.02286,0.007539,0.75,0
SYN-CA-007712,0.004067,0.00108,0.11,0
SYN-CA-007130,0.004873,0.001322,0.13,0
SYN-CA-005155,0.078649,0.031245,3.12,0
SYN-CA-027619,0.001918,0.000466,0.05,0
SYN-CA-027620,0.005996,0.001668,0.17,0
SYN-CA-018374,0.993352,0.992663,99.27,1
SYN-CA-031721,0.128159,0.055881,5.59,0
SYN-CA-012674,0.077334,0.030632,3.06,0
SYN-CA-031667,0.002622,0.000661,0.07,0
SYN-CA-028058,0.030768,0.01057,1.06,0
SYN-CA-030187,0.453888,0.29072,29.07,0
SYN-CA-005684,0.970988,0.962177,96.22,1
SYN-CA-009503,0.987877,0.98566,98.57,1
SYN-CA-012611,0.055522,0.020819,2.08,0
SYN-CA-025154,0.012174,0.003699,0.37,0
SYN-CA-025155,0.477166,0.312736,31.27,0
SYN-CA-032439,0.966853,0.956172,95.62,1
SYN-CA-034693,0.02848,0.009679,0.97,0
SYN-CA-026040,0.9939,0.993336,99.33,1
SYN-CA-009936,0.003247,0.000839,0.08,0
SYN-CA-025123,0.019536,0.006309,0.63,0
SYN-CA-001894,0.011742,0.003551,0.36,0
SYN-CA-003283,0.996091,0.995946,99.59,1
SYN-CA-023198,0.99183,0.990765,99.08,1
SYN-CA-023199,0.04456,0.016152,1.62,0
SYN-CA-009150,0.774064,0.66603,66.6,1
SYN-CA-030508,0.534152,0.369951,37.0,0
SYN-CA-033685,0.050298,0.018571,1.86,0
SYN-CA-013159,0.004477,0.001203,0.12,0
SYN-CA-034031,0.033753,0.011748,1.17,0
SYN-CA-010931,0.014593,0.004537,0.45,0
SYN-CA-018989,0.060823,0.023142,2.31,0
SYN-CA-004362,0.956323,0.940603,94.06,1
SYN-CA-004364,0.23478,0.118671,11.87,0
SYN-CA-030178,0.725389,0.598638,59.86,1
SYN-CA-006410,0.007951,0.00229,0.23,0
SYN-CA-000488,0.99431,0.993834,99.38,1
SYN-CA-033924,0.002891,0.000737,0.07,0
SYN-CA-033925,0.001898,0.00046,0.05,0
SYN-CA-005866,0.107134,0.045053,4.51,0
SYN-CA-033670,0.973037,0.965124,96.51,1
SYN-CA-012877,0.00326,0.000843,0.08,0
SYN-CA-000217,0.127545,0.055557,5.56,0
SYN-CA-004968,0.004539,0.001221,0.12,0
SYN-CA-009775,0.997904,0.997979,99.8,1
SYN-CA-003893,0.035023,0.012255,1.23,0
SYN-CA-021789,0.168408,0.078049,7.8,0
SYN-CA-012031,0.052559,0.019539,1.95,0
SYN-CA-001291,0.994727,0.994336,99.43,1
SYN-CA-017012,0.997562,0.997608,99.76,1
SYN-CA-019520,0.263073,0.137537,13.75,0
SYN-CA-017195,0.014397,0.004469,0.45,0
SYN-CA-026860,0.990532,0.989114,98.91,1
SYN-CA-014620,0.245539,0.125734,12.57,0
SYN-CA-016938,0.005431,0.001493,0.15,0
SYN-CA-017624,0.001469,0.000345,0.03,0
SYN-CA-004861,0.997722,0.997782,99.78,1
SYN-CA-001717,0.145363,0.065127,6.51,0
SYN-CA-005350,0.985924,0.983064,98.31,1
SYN-CA-001277,0.12758,0.055576,5.56,0
SYN-CA-019299,0.001684,0.000402,0.04,0
SYN-CA-018506,0.362958,0.211875,21.19,0
SYN-CA-011984,0.088293,0.035805,3.58,0
SYN-CA-008903,0.001219,0.00028,0.03,0
SYN-CA-021881,0.013815,0.004265,0.43,0
SYN-CA-008180,0.916758,0.880235,88.02,1
SYN-CA-014880,0.277212,0.14732,14.73,0
SYN-CA-004256,0.984863,0.981637,98.16,1
SYN-CA-028912,0.615605,0.460283,46.03,0
SYN-CA-008005,0.019823,0.006414,0.64,0
SYN-CA-013047,0.803718,0.708775,70.88,1
SYN-CA-022138,0.38567,0.230532,23.05,0
SYN-CA-002514,0.031623,0.010905,1.09,0
SYN-CA-011668,0.813881,0.723697,72.37,1
SYN-CA-021954,0.018901,0.006078,0.61,0
SYN-CA-019116,0.99807,0.998157,99.82,1
SYN-CA-024356,0.928427,0.89821,89.82,1
SYN-CA-031187,0.99543,0.995172,99.52,1
SYN-CA-029957,0.001544,0.000365,0.04,0
SYN-CA-029958,0.013105,0.004019,0.4,0
SYN-CA-017991,0.00458,0.001234,0.12,0
SYN-CA-011002,0.767389,0.656579,65.66,1
SYN-CA-002038,0.006615,0.001863,0.19,0
SYN-CA-009493,0.628542,0.475588,47.56,0
SYN-CA-008818,0.098617,0.040818,4.08,0
SYN-CA-007888,0.01238,0.003769,0.38,0
SYN-CA-016892,0.034708,0.012128,1.21,0
SYN-CA-004267,0.998532,0.998642,99.86,1
SYN-CA-026649,0.001661,0.000396,0.04,0
SYN-CA-003432,0.00883,0.002577,0.26,0
SYN-CA-026247,0.99791,0.997986,99.8,1
SYN-CA-024367,0.275706,0.146267,14.63,0
SYN-CA-005592,0.991924,0.990885,99.09,1
SYN-CA-003372,0.991193,0.989959,99.0,1
SYN-CA-025639,0.997801,0.997868,99.79,1
SYN-CA-021021,0.001377,0.000321,0.03,0
SYN-CA-028105,0.386737,0.231425,23.14,0
SYN-CA-024128,0.001397,0.000326,0.03,0
SYN-CA-031683,0.945419,0.924178,92.42,1
SYN-CA-004982,0.052423,0.019481,1.95,0
SYN-CA-014799,0.96718,0.95665,95.67,1
SYN-CA-006734,0.602122,0.444616,44.46,0
SYN-CA-010027,0.107695,0.045335,4.53,0
SYN-CA-009183,0.018165,0.005811,0.58,0
SYN-CA-034938,0.78461,0.681092,68.11,1
SYN-CA-008306,0.010737,0.003211,0.32,0
SYN-CA-003366,0.958311,0.943568,94.36,1
SYN-CA-011630,0.239106,0.121494,12.15,0
SYN-CA-031750,0.780881,0.675749,67.57,1
SYN-CA-031173,0.063491,0.024327,2.43,0
SYN-CA-019109,0.334774,0.189646,18.96,0
SYN-CA-024353,0.504001,0.339082,33.91,0
SYN-CA-011663,0.002758,0.000699,0.07,0
SYN-CA-014584,0.97028,0.961154,96.12,1
SYN-CA-009346,0.024063,0.007991,0.8,0
SYN-CA-001411,0.004076,0.001082,0.11,0
SYN-CA-027476,0.985795,0.982891,98.29,1
SYN-CA-021576,0.51687,0.352092,35.21,0
SYN-CA-020173,0.001712,0.00041,0.04,0
SYN-CA-011678,0.455862,0.292557,29.26,0
SYN-CA-023564,0.00223,0.000551,0.06,0
SYN-CA-021257,0.127951,0.055771,5.58,0
SYN-CA-025905,0.998155,0.998248,99.82,1
SYN-CA-005659,0.043566,0.015739,1.57,0
SYN-CA-019437,0.001887,0.000457,0.05,0
SYN-CA-006888,0.973394,0.965636,96.56,1
SYN-CA-021185,0.019238,0.006201,0.62,0
SYN-CA-028716,0.001498,0.000353,0.04,0
SYN-CA-002378,0.001492,0.000352,0.04,0
SYN-CA-006251,0.013396,0.00412,0.41,0
SYN-CA-000632,0.007583,0.002172,0.22,0
SYN-CA-033176,0.004041,0.001072,0.11,0
SYN-CA-013349,0.902781,0.858649,85.86,1
SYN-CA-013350,0.98711,0.984646,98.46,1
SYN-CA-003956,0.040583,0.014507,1.45,0
SYN-CA-022507,0.300591,0.164022,16.4,0
SYN-CA-017061,0.009952,0.002948,0.29,0
SYN-CA-011499,0.001944,0.000473,0.05,0
SYN-CA-019829,0.998212,0.998308,99.83,1
SYN-CA-030615,0.202923,0.098542,9.85,0
SYN-CA-011104,0.679054,0.5379,53.79,1
SYN-CA-022633,0.056677,0.021322,2.13,0
SYN-CA-034880,0.997625,0.997677,99.77,1
SYN-CA-011527,0.284823,0.152685,15.27,0
SYN-CA-008200,0.0016,0.00038,0.04,0
SYN-CA-032522,0.317098,0.176215,17.62,0
SYN-CA-002336,0.020854,0.006794,0.68,0
SYN-CA-020920,0.011917,0.003611,0.36,0
SYN-CA-015390,0.002168,0.000534,0.05,0
SYN-CA-009912,0.852708,0.781817,78.18,1
SYN-CA-016202,0.104916,0.043942,4.39,0
SYN-CA-003124,0.421258,0.26114,26.11,0
SYN-CA-013016,0.066531,0.025689,2.57,0
SYN-CA-032493,0.083517,0.033531,3.35,0
SYN-CA-015862,0.00164,0.000391,0.04,0
SYN-CA-009115,0.292005,0.157812,15.78,0
SYN-CA-017882,0.308022,0.16947,16.95,0
SYN-CA-021712,0.040789,0.014592,1.46,0
SYN-CA-009311,0.001355,0.000316,0.03,0
SYN-CA-025301,0.128713,0.056173,5.62,0
SYN-CA-012102,0.973822,0.966248,96.62,1
SYN-CA-031792,0.292651,0.158275,15.83,0
SYN-CA-031795,0.980809,0.976088,97.61,1
SYN-CA-031521,0.014632,0.004551,0.46,0
SYN-CA-005222,0.991543,0.990403,99.04,1
SYN-CA-014526,0.35009,0.2016,20.16,0
SYN-CA-009749,0.076451,0.030222,3.02,0
SYN-CA-028784,0.085286,0.03437,3.44,0
SYN-CA-002261,0.065606,0.025273,2.53,0
SYN-CA-001204,0.002033,0.000497,0.05,0
SYN-CA-034129,0.993412,0.992738,99.27,1
SYN-CA-023312,0.975388,0.968478,96.85,1
SYN-CA-023538,0.985063,0.981907,98.19,1
SYN-CA-014666,0.774812,0.667093,66.71,1
SYN-CA-005403,0.618644,0.463854,46.39,0
SYN-CA-027918,0.077176,0.030559,3.06,0
SYN-CA-022264,0.001788,0.00043,0.04,0
SYN-CA-020141,0.992804,0.991985,99.2,1
SYN-CA-009983,0.001846,0.000446,0.04,0
SYN-CA-000370,0.438368,0.276466,27.65,0
SYN-CA-006864,0.871964,0.811187,81.12,1
SYN-CA-018857,0.002446,0.000611,0.06,0
SYN-CA-003031,0.994432,0.993981,99.4,1
SYN-CA-020047,0.018162,0.005809,0.58,0
SYN-CA-007512,0.992812,0.991996,99.2,1
SYN-CA-005505,0.96358,0.951372,95.14,1
SYN-CA-014577,0.080697,0.032203,3.22,0
SYN-CA-006612,0.080927,0.032311,3.23,0
SYN-CA-023625,0.009014,0.002637,0.26,0
SYN-CA-016491,0.018754,0.006024,0.6,0
SYN-CA-000738,0.00203,0.000496,0.05,0
SYN-CA-005081,0.011895,0.003603,0.36,0
SYN-CA-019153,0.004504,0.00121,0.12,0
SYN-CA-008062,0.306146,0.168088,16.81,0
SYN-CA-009262,0.859122,0.791566,79.16,1
SYN-CA-009265,0.784271,0.680606,68.06,1
SYN-CA-000550,0.001408,0.000329,0.03,0
SYN-CA-030116,0.988188,0.98607,98.61,1
SYN-CA-011055,0.001408,0.000329,0.03,0
SYN-CA-030295,0.001385,0.000323,0.03,0
SYN-CA-011782,0.050652,0.018722,1.87,0
SYN-CA-032431,0.014653,0.004558,0.46,0
SYN-CA-008899,0.017132,0.005438,0.54,0
SYN-CA-012252,0.044278,0.016035,1.6,0
SYN-CA-026066,0.969621,0.9602,96.02,1
SYN-CA-011091,0.366868,0.215039,21.5,0
SYN-CA-011226,0.16114,0.073908,7.39,0
SYN-CA-022432,0.003578,0.000935,0.09,0
SYN-CA-010523,0.688824,0.550423,55.04,1
SYN-CA-003544,0.001814,0.000437,0.04,0
SYN-CA-010959,0.022661,0.007465,0.75,0
SYN-CA-030815,0.996105,0.995962,99.6,1
SYN-CA-025672,0.001583,0.000375,0.04,0
SYN-CA-029210,0.001482,0.000349,0.03,0
SYN-CA-009087,0.473289,0.309015,30.9,0
SYN-CA-031334,0.005122,0.001398,0.14,0
SYN-CA-014596,0.997439,0.997472,99.75,1
SYN-CA-009436,0.548821,0.385463,38.55,0
SYN-CA-032278,0.804078,0.709302,70.93,1
SYN-CA-007386,0.983166,0.979331,97.93,1
SYN-CA-027700,0.964138,0.952193,95.22,1
SYN-CA-017198,0.332358,0.187787,18.78,0
SYN-CA-029025,0.001219,0.00028,0.03,0
SYN-CA-005933,0.938921,0.914288,91.43,1
SYN-CA-005426,0.023613,0.007822,0.78,0
SYN-CA-001332,0.00282,0.000716,0.07,0
SYN-CA-001334,0.006179,0.001726,0.17,0
SYN-CA-030780,0.005585,0.001541,0.15,0
SYN-CA-002979,0.275118,0.145856,14.59,0
SYN-CA-017329,0.995756,0.995556,99.56,1
SYN-CA-029846,0.251971,0.130022,13.0,0
SYN-CA-029848,0.001618,0.000385,0.04,0
SYN-CA-031407,0.612299,0.456415,45.64,0
SYN-CA-002121,0.872778,0.812435,81.24,1
SYN-CA-018673,0.977803,0.971892,97.19,1
SYN-CA-018467,0.004368,0.00117,0.12,0
SYN-CA-012000,0.042606,0.015341,1.53,0
SYN-CA-000866,0.996716,0.996662,99.67,1
SYN-CA-012979,0.020509,0.006666,0.67,0
SYN-CA-014973,0.967503,0.957121,95.71,1
SYN-CA-011986,0.132621,0.058246,5.82,0
SYN-CA-019281,0.040784,0.01459,1.46,0
SYN-CA-028680,0.033266,0.011554,1.16,0
SYN-CA-011167,0.00528,0.001447,0.14,0
SYN-CA-009793,0.940866,0.917255,91.73,1
SYN-CA-026118,0.001631,0.000388,0.04,0
SYN-CA-001297,0.047709,0.017473,1.75,0
SYN-CA-009692,0.00408,0.001083,0.11,0
SYN-CA-012642,0.471197,0.307016,30.7,0
SYN-CA-028706,0.944668,0.923039,92.3,1
SYN-CA-031890,0.08323,0.033396,3.34,0
SYN-CA-017876,0.00159,0.000378,0.04,0
SYN-CA-014671,0.017064,0.005414,0.54,0
SYN-CA-001049,0.116923,0.050029,5.0,0
SYN-CA-006181,0.00245,0.000612,0.06,0
SYN-CA-033275,0.987542,0.985218,98.52,1
SYN-CA-025940,0.598583,0.440551,44.06,0
SYN-CA-007370,0.141527,0.063036,6.3,0
SYN-CA-027009,0.913886,0.875802,87.58,1
SYN-CA-025468,0.981852,0.977528,97.75,1
SYN-CA-032172,0.569579,0.407976,40.8,0
SYN-CA-009093,0.147177,0.066123,6.61,0
SYN-CA-019842,0.038979,0.013852,1.39,0
SYN-CA-019843,0.531332,0.367006,36.7,0
SYN-CA-002553,0.053438,0.019917,1.99,0
SYN-CA-005117,0.003163,0.000815,0.08,0
SYN-CA-030789,0.254756,0.131893,13.19,0
SYN-CA-011322,0.954159,0.937364,93.74,1
SYN-CA-010666,0.886413,0.833392,83.34,1
SYN-CA-025240,0.995968,0.995803,99.58,1
SYN-CA-013632,0.439322,0.277333,27.73,0
SYN-CA-001929,0.98791,0.985704,98.57,1
SYN-CA-026923,0.940798,0.917151,91.72,1
SYN-CA-011326,0.018928,0.006088,0.61,0
SYN-CA-011330,0.001643,0.000392,0.04,0
SYN-CA-013178,0.166336,0.076863,7.69,0
SYN-CA-009406,0.988775,0.986839,98.68,1
SYN-CA-032153,0.004613,0.001243,0.12,0
SYN-CA-014220,0.001375,0.000321,0.03,0
SYN-CA-013822,0.91736,0.881164,88.12,1
SYN-CA-001812,0.001892,0.000458,0.05,0
SYN-CA-025834,0.001329,0.000309,0.03,0
SYN-CA-003207,0.011657,0.003522,0.35,0
SYN-CA-024146,0.926426,0.895134,89.51,1
SYN-CA-024148,0.102668,0.042821,4.28,0
SYN-CA-014278,0.236624,0.119872,11.99,0
SYN-CA-010630,0.039075,0.013891,1.39,0
SYN-CA-007675,0.001206,0.000277,0.03,0
SYN-CA-003832,0.001707,0.000409,0.04,0
SYN-CA-016741,0.004883,0.001325,0.13,0
SYN-CA-016742,0.981093,0.976481,97.65,1
SYN-CA-004939,0.021769,0.007132,0.71,0
SYN-CA-001078,0.005671,0.001567,0.16,0
SYN-CA-034832,0.246639,0.126464,12.65,0
SYN-CA-034834,0.020926,0.00682,0.68,0
SYN-CA-025730,0.001219,0.00028,0.03,0
SYN-CA-027784,0.034426,0.012016,1.2,0
SYN-CA-018397,0.043848,0.015856,1.59,0
SYN-CA-018398,0.015488,0.004852,0.49,0
SYN-CA-000663,0.945747,0.924675,92.47,1
SYN-CA-003470,0.002208,0.000545,0.05,0
SYN-CA-018784,0.997392,0.99742,99.74,1
SYN-CA-032566,0.180723,0.085205,8.52,0
SYN-CA-007874,0.040557,0.014496,1.45,0
SYN-CA-026448,0.004217,0.001125,0.11,0
SYN-CA-008631,0.201775,0.097838,9.78,0
SYN-CA-024663,0.001555,0.000368,0.04,0
SYN-CA-023275,0.131476,0.057636,5.76,0
SYN-CA-019216,0.981444,0.976965,97.7,1
SYN-CA-016821,0.952603,0.935027,93.5,1
SYN-CA-031640,0.005214,0.001427,0.14,0
SYN-CA-033088,0.015192,0.004748,0.47,0
SYN-CA-021495,0.002386,0.000594,0.06,0
SYN-CA-001032,0.098577,0.040798,4.08,0
SYN-CA-018821,0.002208,0.000545,0.05,0
SYN-CA-026135,0.187022,0.088931,8.89,0
SYN-CA-015559,0.960312,0.946542,94.65,1
SYN-CA-028681,0.002869,0.00073,0.07,0
SYN-CA-026962,0.006401,0.001796,0.18,0
SYN-CA-007403,0.062617,0.023937,2.39,0
SYN-CA-022743,0.168798,0.078274,7.83,0
SYN-CA-031424,0.036554,0.012869,1.29,0
SYN-CA-016751,0.208463,0.101958,10.2,0
SYN-CA-004456,0.001601,0.00038,0.04,0
SYN-CA-031894,0.974753,0.967575,96.76,1
SYN-CA-013424,0.211095,0.103593,10.36,0
SYN-CA-005304,0.997744,0.997806,99.78,1
SYN-CA-018831,0.998605,0.998717,99.87,1
SYN-CA-019698,0.425949,0.265302,26.53,0
SYN-CA-027633,0.004274,0.001142,0.11,0
SYN-CA-011221,0.666909,0.522545,52.25,1
SYN-CA-031244,0.003795,0.000999,0.1,0
SYN-CA-020790,0.72817,0.60239,60.24,1
SYN-CA-033402,0.965839,0.954689,95.47,1
SYN-CA-019981,0.268725,0.14142,14.14,0
SYN-CA-012656,0.001671,0.000399,0.04,0
SYN-CA-025749,0.264272,0.138357,13.84,0
SYN-CA-020987,0.004499,0.001209,0.12,0
SYN-CA-020989,0.99473,0.994339,99.43,1
SYN-CA-034618,0.944574,0.922896,92.29,1
SYN-CA-014751,0.379634,0.225507,22.55,0
SYN-CA-026271,0.132059,0.057947,5.79,0
SYN-CA-026272,0.983332,0.979557,97.96,1
SYN-CA-032302,0.102078,0.042528,4.25,0
SYN-CA-007669,0.488103,0.323347,32.33,0
SYN-CA-016268,0.09416,0.038638,3.86,0
SYN-CA-009976,0.021112,0.006889,0.69,0
SYN-CA-024196,0.052538,0.01953,1.95,0
SYN-CA-027957,0.705253,0.571824,57.18,1
SYN-CA-033635,0.842318,0.766106,76.61,1
SYN-CA-024059,0.080282,0.032008,3.2,0
SYN-CA-012822,0.512552,0.347699,34.77,0
SYN-CA-012872,0.975152,0.968143,96.81,1
SYN-CA-024120,0.020221,0.006561,0.66,0
SYN-CA-023990,0.006524,0.001834,0.18,0
SYN-CA-006923,0.016723,0.005292,0.53,0
SYN-CA-020196,0.936388,0.910419,91.04,1
SYN-CA-007165,0.014555,0.004524,0.45,0
SYN-CA-025434,0.743434,0.623204,62.32,1
SYN-CA-000377,0.987578,0.985266,98.53,1
SYN-CA-015689,0.995416,0.995157,99.52,1
SYN-CA-029699,0.381329,0.226914,22.69,0
SYN-CA-015433,0.032083,0.011087,1.11,0
SYN-CA-015342,0.173129,0.080772,8.08,0
SYN-CA-024446,0.056501,0.021245,2.12,0
SYN-CA-001555,0.001346,0.000313,0.03,0
SYN-CA-032691,0.005482,0.001509,0.15,0
SYN-CA-004666,0.997078,0.99707,99.71,1
SYN-CA-004668,0.951824,0.933856,93.39,1
SYN-CA-027684,0.045603,0.016588,1.66,0
SYN-CA-023334,0.995965,0.995799,99.58,1
SYN-CA-029182,0.893667,0.844576,84.46,1
SYN-CA-013507,0.96033,0.946568,94.66,1
SYN-CA-028589,0.164877,0.07603,7.6,0
SYN-CA-004271,0.005558,0.001532,0.15,0
SYN-CA-023341,0.118667,0.050927,5.09,0
SYN-CA-020659,0.004938,0.001342,0.13,0
SYN-CA-001694,0.162293,0.074561,7.46,0
SYN-CA-017351,0.995564,0.995331,99.53,1
SYN-CA-017353,0.440078,0.278021,27.8,0
SYN-CA-023783,0.055747,0.020917,2.09,0
SYN-CA-030002,0.987791,0.985546,98.55,1
SYN-CA-022345,0.455693,0.2924,29.24,0
SYN-CA-015924,0.959458,0.945274,94.53,1
SYN-CA-025148,0.943614,0.921437,92.14,1
SYN-CA-023519,0.00391,0.001033,0.1,0
SYN-CA-022253,0.984912,0.981703,98.17,1
SYN-CA-025935,0.001375,0.000321,0.03,0
SYN-CA-030416,0.026015,0.008732,0.87,0
SYN-CA-011729,0.432576,0.271233,27.12,0
SYN-CA-026829,0.992596,0.991727,99.17,1
SYN-CA-016445,0.95761,0.942524,94.25,1
SYN-CA-025824,0.00239,0.000595,0.06,0
SYN-CA-000340,0.980927,0.976251,97.63,1
SYN-CA-024577,0.036475,0.012838,1.28,0
SYN-CA-000947,0.924036,0.891456,89.15,1
SYN-CA-020731,0.791318,0.690754,69.08,1
SYN-CA-026740,0.001402,0.000328,0.03,0
SYN-CA-008183,0.96917,0.959545,95.95,1
SYN-CA-008185,0.086016,0.034717,3.47,0
SYN-CA-005195,0.002015,0.000492,0.05,0
SYN-CA-008399,0.952202,0.934425,93.44,1
SYN-CA-011597,0.014994,0.004678,0.47,0
SYN-CA-011310,0.109703,0.046348,4.63,0
SYN-CA-006799,0.70661,0.573611,57.36,1
SYN-CA-034579,0.003692,0.000969,0.1,0
SYN-CA-017305,0.986649,0.984032,98.4,1
SYN-CA-014521,0.053333,0.019872,1.99,0
SYN-CA-019694,0.995605,0.995378,99.54,1
SYN-CA-001503,0.002045,0.0005,0.05,0
SYN-CA-015597,0.001498,0.000353,0.04,0
SYN-CA-014054,0.002593,0.000652,0.07,0
SYN-CA-026080,0.599251,0.441317,44.13,0
SYN-CA-025523,0.997014,0.997,99.7,1
SYN-CA-007866,0.98647,0.983794,98.38,1
SYN-CA-007869,0.982399,0.97828,97.83,1
SYN-CA-004754,0.14808,0.066619,6.66,0
SYN-CA-003674,0.71404,0.583447,58.34,1
SYN-CA-015915,0.838346,0.760128,76.01,1
SYN-CA-019710,0.952225,0.934459,93.45,1
SYN-CA-024999,0.824157,0.738914,73.89,1
SYN-CA-014494,0.002063,0.000505,0.05,0
SYN-CA-023229,0.964495,0.952717,95.27,1
SYN-CA-028601,0.230642,0.115989,11.6,0
SYN-CA-019267,0.995852,0.995668,99.57,1
SYN-CA-033832,0.313,0.173157,17.32,0
SYN-CA-008254,0.017602,0.005607,0.56,0
SYN-CA-020623,0.001361,0.000317,0.03,0
SYN-CA-017569,0.735932,0.61293,61.29,1
SYN-CA-016544,0.005623,0.001553,0.16,0
SYN-CA-014185,0.028887,0.009837,0.98,0
SYN-CA-018296,0.931092,0.902304,90.23,1
SYN-CA-026494,0.990082,0.988536,98.85,1
SYN-CA-013532,0.066844,0.02583,2.58,0
SYN-CA-010815,0.958843,0.94436,94.44,1
SYN-CA-033943,0.013579,0.004183,0.42,0
SYN-CA-029881,0.759826,0.64595,64.59,1
SYN-CA-029882,0.025198,0.008421,0.84,0
SYN-CA-009483,0.889471,0.838105,83.81,1
SYN-CA-033254,0.001694,0.000405,0.04,0
SYN-CA-029156,0.006425,0.001803,0.18,0
SYN-CA-024982,0.383001,0.228305,22.83,0
SYN-CA-016624,0.037402,0.013212,1.32,0
SYN-CA-033876,0.001649,0.000393,0.04,0
SYN-CA-027487,0.50446,0.339543,33.95,0
SYN-CA-000691,0.933917,0.906636,90.66,1
SYN-CA-028117,0.983921,0.98036,98.04,1
SYN-CA-031182,0.009846,0.002913,0.29,0
SYN-CA-029004,0.008931,0.00261,0.26,0
SYN-CA-027449,0.23631,0.119667,11.97,0
SYN-CA-027537,0.086649,0.035019,3.5,0
SYN-CA-005648,0.034003,0.011847,1.18,0
SYN-CA-016123,0.002435,0.000608,0.06,0
SYN-CA-017759,0.99615,0.996014,99.6,1
SYN-CA-012480,0.981796,0.977451,97.75,1
SYN-CA-012728,0.146797,0.065914,6.59,0
SYN-CA-022646,0.005664,0.001565,0.16,0
SYN-CA-004116,0.901209,0.856221,85.62,1
SYN-CA-001986,0.156355,0.071215,7.12,0
SYN-CA-008355,0.067425,0.026092,2.61,0
SYN-CA-002137,0.441223,0.279063,27.91,0
SYN-CA-004022,0.19703,0.094946,9.49,0
SYN-CA-003645,0.16844,0.078068,7.81,0
SYN-CA-028050,0.001788,0.00043,0.04,0
SYN-CA-024703,0.133667,0.058803,5.88,0
SYN-CA-003298,0.006249,0.001748,0.17,0
SYN-CA-023930,0.234232,0.118314,11.83,0
SYN-CA-015685,0.987362,0.984981,98.5,1
SYN-CA-020035,0.725463,0.598738,59.87,1
SYN-CA-008606,0.05982,0.022699,2.27,0
SYN-CA-001095,0.97184,0.963405,96.34,1
SYN-CA-014896,0.064962,0.024984,2.5,0
SYN-CA-014898,0.930929,0.902053,90.21,1
SYN-CA-015896,0.079921,0.031839,3.18,0
SYN-CA-010054,0.247763,0.127212,12.72,0
SYN-CA-021705,0.065075,0.025035,2.5,0
SYN-CA-008622,0.06222,0.023761,2.38,0
SYN-CA-015212,0.074391,0.02927,2.93,0
SYN-CA-020226,0.001319,0.000306,0.03,0
SYN-CA-001574,0.333357,0.188554,18.86,0
SYN-CA-018877,0.617056,0.461987,46.2,0
SYN-CA-010719,0.994179,0.993675,99.37,1
SYN-CA-030626,0.900127,0.85455,85.45,1
SYN-CA-027153,0.002162,0.000532,0.05,0
SYN-CA-020006,0.007148,0.002032,0.2,0
SYN-CA-025892,0.010077,0.00299,0.3,0
SYN-CA-005048,0.996144,0.996007,99.6,1
SYN-CA-025138,0.142764,0.063709,6.37,0
SYN-CA-011635,0.006756,0.001907,0.19,0
SYN-CA-010112,0.994638,0.99423,99.42,1
SYN-CA-006595,0.004103,0.001091,0.11,0
SYN-CA-006750,0.061342,0.023372,2.34,0
SYN-CA-012384,0.009402,0.002765,0.28,0
SYN-CA-026093,0.910792,0.871025,87.1,1
SYN-CA-016211,0.016617,0.005254,0.53,0
SYN-CA-024068,0.024746,0.008249,0.82,0
SYN-CA-000390,0.012267,0.003731,0.37,0
SYN-CA-026304,0.044522,0.016136,1.61,0
SYN-CA-010483,0.113514,0.048283,4.83,0
SYN-CA-022266,0.413701,0.254498,25.45,0
SYN-CA-005227,0.997241,0.997253,99.73,1
SYN-CA-006758,0.856199,0.787118,78.71,1
SYN-CA-007913,0.998505,0.998614,99.86,1
SYN-CA-005482,0.551573,0.38841,38.84,0
SYN-CA-009269,0.911296,0.871803,87.18,1
SYN-CA-021314,0.961959,0.94898,94.9,1
SYN-CA-014870,0.081644,0.032648,3.26,0
SYN-CA-026759,0.20859,0.102036,10.2,0
SYN-CA-018354,0.022323,0.007339,0.73,0
SYN-CA-014444,0.9949,0.994544,99.45,1
SYN-CA-002687,0.994672,0.99427,99.43,1
SYN-CA-021348,0.103844,0.043407,4.34,0
SYN-CA-023923,0.003432,0.000893,0.09,0
SYN-CA-031491,0.271982,0.143674,14.37,0
SYN-CA-004665,0.978372,0.972692,97.27,1
SYN-CA-032893,0.809262,0.716899,71.69,1
SYN-CA-024917,0.338532,0.192552,19.26,0
SYN-CA-024918,0.954117,0.937301,93.73,1
SYN-CA-007877,0.176066,0.082478,8.25,0
SYN-CA-007879,0.001617,0.000385,0.04,0
SYN-CA-012738,0.893733,0.844678,84.47,1
SYN-CA-000595,0.027615,0.009345,0.93,0
SYN-CA-012473,0.100982,0.041985,4.2,0
SYN-CA-013398,0.743325,0.623053,62.31,1
SYN-CA-029770,0.998519,0.998629,99.86,1
SYN-CA-009884,0.103498,0.043234,4.32,0
SYN-CA-013520,0.090591,0.036909,3.69,0
SYN-CA-029406,0.829257,0.746512,74.65,1
SYN-CA-029409,0.001731,0.000415,0.04,0
SYN-CA-015995,0.017828,0.005689,0.57,0
SYN-CA-017548,0.512644,0.347793,34.78,0
SYN-CA-021880,0.992955,0.992174,99.22,1
SYN-CA-016159,0.004282,0.001144,0.11,0
SYN-CA-004787,0.873777,0.813967,81.4,1
SYN-CA-006850,0.412105,0.253105,25.31,0
SYN-CA-022020,0.952056,0.934206,93.42,1
SYN-CA-026616,0.978765,0.973241,97.32,1
SYN-CA-010236,0.994477,0.994035,99.4,1
SYN-CA-010239,0.993389,0.992709,99.27,1
SYN-CA-013167,0.019348,0.006241,0.62,0
SYN-CA-020501,0.378861,0.224868,22.49,0
SYN-CA-003677,0.01389,0.004291,0.43,0
SYN-CA-026007,0.669734,0.526096,52.61,1
SYN-CA-016749,0.229619,0.11533,11.53,0
SYN-CA-020725,0.004142,0.001102,0.11,0
SYN-CA-006683,0.925732,0.894066,89.41,1
SYN-CA-019276,0.498901,0.333994,33.4,0
SYN-CA-013233,0.015396,0.00482,0.48,0
SYN-CA-033701,0.030048,0.010288,1.03,0
SYN-CA-019004,0.028682,0.009757,0.98,0
SYN-CA-030772,0.73713,0.614564,61.46,1
SYN-CA-031159,0.882871,0.827938,82.79,1
SYN-CA-032445,0.105068,0.044017,4.4,0
SYN-CA-034188,0.004202,0.00112,0.11,0
SYN-CA-023232,0.019656,0.006353,0.64,0
SYN-CA-029658,0.602168,0.444668,44.47,0
SYN-CA-012579,0.470649,0.306494,30.65,0
SYN-CA-007630,0.941072,0.917569,91.76,1
SYN-CA-014193,0.11359,0.048321,4.83,0
SYN-CA-011819,0.010266,0.003053,0.31,0
SYN-CA-024308,0.01242,0.003783,0.38,0
SYN-CA-012768,0.112802,0.04792,4.79,0
SYN-CA-020384,0.965469,0.954147,95.41,1
SYN-CA-026804,0.987825,0.985592,98.56,1
SYN-CA-002390,0.981991,0.977719,97.77,1
SYN-CA-003813,0.011876,0.003597,0.36,0
SYN-CA-030856,0.7864,0.683664,68.37,1
SYN-CA-017865,0.058571,0.02215,2.22,0
SYN-CA-034541,0.807297,0.714016,71.4,1
SYN-CA-020422,0.00384,0.001012,0.1,0
SYN-CA-012646,0.2243,0.111919,11.19,0
SYN-CA-018152,0.994252,0.993763,99.38,1
SYN-CA-025987,0.033325,0.011578,1.16,0
SYN-CA-009125,0.838684,0.760636,76.06,1
SYN-CA-007224,0.048599,0.01785,1.78,0
SYN-CA-006637,0.21231,0.104351,10.44,0
SYN-CA-019922,0.09355,0.038341,3.83,0
SYN-CA-029325,0.98871,0.986755,98.68,1
SYN-CA-033337,0.952677,0.93514,93.51,1
SYN-CA-010265,0.001533,0.000362,0.04,0
SYN-CA-011036,0.039794,0.014184,1.42,0
SYN-CA-027827,0.96637,0.955467,95.55,1
SYN-CA-000282,0.997533,0.997576,99.76,1
SYN-CA-000284,0.998427,0.998534,99.85,1
SYN-CA-006301,0.217294,0.107477,10.75,0
SYN-CA-010946,0.985113,0.981973,98.2,1
SYN-CA-018459,0.009105,0.002667,0.27,0
SYN-CA-022814,0.322598,0.180352,18.04,0
SYN-CA-017919,0.017755,0.005662,0.57,0
SYN-CA-012260,0.968601,0.95872,95.87,1
SYN-CA-004528,0.328153,0.18457,18.46,0
SYN-CA-011073,0.840786,0.763798,76.38,1
SYN-CA-006728,0.733819,0.610051,61.01,1
SYN-CA-034028,0.984735,0.981463,98.15,1
SYN-CA-020867,0.004146,0.001103,0.11,0
SYN-CA-027774,0.003159,0.000814,0.08,0
SYN-CA-000324,0.991571,0.990438,99.04,1
SYN-CA-016070,0.487462,0.32272,32.27,0
SYN-CA-034826,0.981226,0.976664,97.67,1
SYN-CA-027056,0.803055,0.707808,70.78,1
SYN-CA-009459,0.62364,0.469758,46.98,0
SYN-CA-008475,0.915444,0.878208,87.82,1
SYN-CA-008526,0.001287,0.000298,0.03,0
SYN-CA-018717,0.031277,0.010769,1.08,0
SYN-CA-020430,0.07655,0.030268,3.03,0
SYN-CA-024299,0.185762,0.088182,8.82,0
SYN-CA-026936,0.420793,0.260729,26.07,0
SYN-CA-027686,0.037717,0.013339,1.33,0
SYN-CA-025701,0.001506,0.000355,0.04,0
SYN-CA-025704,0.001839,0.000444,0.04,0
SYN-CA-017761,0.025727,0.008622,0.86,0
SYN-CA-009377,0.83239,0.751196,75.12,1
SYN-CA-003066,0.003238,0.000836,0.08,0
SYN-CA-022553,0.589329,0.430015,43.0,0
SYN-CA-032430,0.05982,0.022699,2.27,0
SYN-CA-009580,0.133802,0.058876,5.89,0
SYN-CA-013142,0.005167,0.001412,0.14,0
SYN-CA-011576,0.041234,0.014775,1.48,0
SYN-CA-001171,0.924342,0.891926,89.19,1
SYN-CA-034053,0.995415,0.995154,99.52,1
SYN-CA-023117,0.344942,0.197549,19.75,0
SYN-CA-024520,0.99252,0.991632,99.16,1
SYN-CA-023481,0.364236,0.212907,21.29,0
SYN-CA-001867,0.008056,0.002324,0.23,0
SYN-CA-012990,0.009843,0.002912,0.29,0
SYN-CA-008653,0.125524,0.054495,5.45,0
SYN-CA-003627,0.992158,0.991179,99.12,1
SYN-CA-030451,0.050591,0.018696,1.87,0
SYN-CA-030454,0.9459,0.924908,92.49,1
SYN-CA-002112,0.003496,0.000911,0.09,0
SYN-CA-018055,0.022317,0.007336,0.73,0
SYN-CA-014749,0.997659,0.997713,99.77,1
SYN-CA-002654,0.067564,0.026154,2.62,0
SYN-CA-021178,0.410652,0.25184,25.18,0
SYN-CA-020824,0.348486,0.200334,20.03,0
SYN-CA-001935,0.009057,0.002652,0.27,0
SYN-CA-001590,0.003968,0.00105,0.11,0
SYN-CA-000266,0.987685,0.985408,98.54,1
SYN-CA-000270,0.069349,0.026963,2.7,0
SYN-CA-013203,0.211158,0.103633,10.36,0
SYN-CA-025569,0.002549,0.00064,0.06,0
SYN-CA-029655,0.991758,0.990676,99.07,1
SYN-CA-031752,0.001621,0.000386,0.04,0
SYN-CA-029253,0.997546,0.997589,99.76,1
SYN-CA-032868,0.933195,0.905529,90.55,1
SYN-CA-031656,0.949993,0.931098,93.11,1
SYN-CA-030414,0.002606,0.000656,0.07,0
SYN-CA-033084,0.124833,0.054133,5.41,0
SYN-CA-004079,0.032686,0.011325,1.13,0
SYN-CA-008227,0.219921,0.109136,10.91,0
SYN-CA-008228,0.996056,0.995905,99.59,1
SYN-CA-001599,0.001462,0.000344,0.03,0
SYN-CA-033357,0.002877,0.000733,0.07,0
SYN-CA-003201,0.888727,0.836957,83.7,1
SYN-CA-012640,0.006341,0.001776,0.18,0
SYN-CA-028548,0.313801,0.173753,17.38,0
SYN-CA-028549,0.001273,0.000294,0.03,0
SYN-CA-000749,0.996063,0.995913,99.59,1
SYN-CA-000750,0.25499,0.132052,13.21,0
SYN-CA-027629,0.001734,0.000416,0.04,0
SYN-CA-022391,0.185226,0.087864,8.79,0
SYN-CA-022747,0.009914,0.002935,0.29,0
SYN-CA-015570,0.00236,0.000587,0.06,0
SYN-CA-022143,0.060469,0.022986,2.3,0
SYN-CA-022145,0.272964,0.144356,14.44,0
SYN-CA-030337,0.010158,0.003017,0.3,0
SYN-CA-030339,0.877073,0.819025,81.9,1
SYN-CA-013453,0.283244,0.151566,15.16,0
SYN-CA-021108,0.994358,0.993891,99.39,1
SYN-CA-013773,0.092973,0.038061,3.81,0
SYN-CA-019941,0.016027,0.005044,0.5,0
SYN-CA-021557,0.036757,0.012951,1.3,0
SYN-CA-025374,0.002303,0.000571,0.06,0
SYN-CA-018443,0.997857,0.997928,99.79,1
SYN-CA-017519,0.001879,0.000455,0.05,0
SYN-CA-034961,0.004967,0.001351,0.14,0
SYN-CA-001777,0.018889,0.006073,0.61,0
SYN-CA-010396,0.423291,0.262939,26.29,0
SYN-CA-014394,0.020192,0.00655,0.65,0
SYN-CA-002516,0.519328,0.354605,35.46,0
SYN-CA-002518,0.011722,0.003544,0.35,0
SYN-CA-033056,0.97817,0.972407,97.24,1
SYN-CA-016167,0.041025,0.014689,1.47,0
SYN-CA-002450,0.121184,0.052231,5.22,0
SYN-CA-007103,0.003972,0.001051,0.11,0
SYN-CA-023202,0.970449,0.961399,96.14,1
SYN-CA-026671,0.916017,0.879091,87.91,1
SYN-CA-023788,0.006347,0.001779,0.18,0
SYN-CA-004434,0.012294,0.00374,0.37,0
SYN-CA-008672,0.635696,0.484165,48.42,0
SYN-CA-001844,0.001891,0.000458,0.05,0
SYN-CA-025662,0.152832,0.069249,6.92,0
SYN-CA-008587,0.507066,0.342159,34.22,0
SYN-CA-007547,0.996744,0.996695,99.67,1
SYN-CA-030542,0.97607,0.969446,96.94,1
SYN-CA-030544,0.361545,0.210736,21.07,0
SYN-CA-006370,0.580012,0.419543,41.95,0
SYN-CA-016599,0.618377,0.46354,46.35,0
SYN-CA-000514,0.985117,0.981979,98.2,1
SYN-CA-031813,0.997771,0.997836,99.78,1
SYN-CA-017098,0.003268,0.000845,0.08,0
SYN-CA-026690,0.013398,0.00412,0.41,0
SYN-CA-021307,0.031469,0.010845,1.08,0
SYN-CA-021310,0.955876,0.939935,93.99,1
SYN-CA-010468,0.997528,0.99757,99.76,1
SYN-CA-017794,0.0039,0.00103,0.1,0
SYN-CA-012354,0.004745,0.001283,0.13,0
SYN-CA-031581,0.993807,0.993222,99.32,1
SYN-CA-025696,0.531406,0.367083,36.71,0
SYN-CA-007645,0.002221,0.000548,0.05,0
SYN-CA-024431,0.001658,0.000396,0.04,0
SYN-CA-034062,0.99186,0.990803,99.08,1
SYN-CA-023740,0.170745,0.079394,7.94,0
SYN-CA-003472,0.992983,0.992208,99.22,1
SYN-CA-011077,0.968581,0.958691,95.87,1
SYN-CA-005572,0.981501,0.977045,97.7,1
SYN-CA-013711,0.040658,0.014538,1.45,0
SYN-CA-013713,0.925984,0.894454,89.45,1
SYN-CA-026522,0.001654,0.000394,0.04,0
SYN-CA-026524,0.92645,0.89517,89.52,1
SYN-CA-032863,0.688038,0.54941,54.94,1
SYN-CA-008443,0.608506,0.451998,45.2,0
SYN-CA-008439,0.997878,0.997951,99.8,1
SYN-CA-021717,0.001929,0.000468,0.05,0
SYN-CA-031874,0.057778,0.021803,2.18,0
SYN-CA-018944,0.024292,0.008077,0.81,0
SYN-CA-015041,0.050167,0.018516,1.85,0
SYN-CA-030936,0.995493,0.995247,99.52,1
SYN-CA-005670,0.073214,0.028728,2.87,0
SYN-CA-033715,0.99017,0.988649,98.86,1
SYN-CA-020681,0.993039,0.992277,99.23,1
SYN-CA-023522,0.963999,0.951989,95.2,1
SYN-CA-022668,0.008211,0.002375,0.24,0
SYN-CA-022669,0.94244,0.919651,91.97,1
SYN-CA-023679,0.918431,0.882817,88.28,1
SYN-CA-016651,0.918971,0.883649,88.36,1
SYN-CA-031557,0.031059,0.010684,1.07,0
SYN-CA-017005,0.727722,0.601786,60.18,1
SYN-CA-007353,0.009727,0.002873,0.29,0
SYN-CA-030258,0.03532,0.012373,1.24,0
SYN-CA-026973,0.959145,0.944809,94.48,1
SYN-CA-016243,0.490728,0.32592,32.59,0
SYN-CA-001125,0.20618,0.100546,10.05,0
SYN-CA-002816,0.00265,0.000668,0.07,0
SYN-CA-028430,0.366432,0.214685,21.47,0
SYN-CA-016851,0.003107,0.000799,0.08,0
SYN-CA-004735,0.965945,0.954844,95.48,1
SYN-CA-031595,0.002236,0.000553,0.06,0
SYN-CA-008216,0.868672,0.806145,80.61,1
SYN-CA-008219,0.867104,0.803746,80.37,1
SYN-CA-011122,0.001537,0.000363,0.04,0
SYN-CA-029067,0.001575,0.000373,0.04,0
SYN-CA-034815,0.199848,0.096661,9.67,0
SYN-CA-034503,0.959539,0.945395,94.54,1
SYN-CA-008994,0.99655,0.996473,99.65,1
SYN-CA-015308,0.508768,0.343873,34.39,0
SYN-CA-016255,0.133586,0.05876,5.88,0
SYN-CA-009003,0.99745,0.997484,99.75,1
SYN-CA-000893,0.85088,0.779045,77.9,1
SYN-CA-012108,0.007312,0.002085,0.21,0
SYN-CA-020152,0.259292,0.134961,13.5,0
SYN-CA-033101,0.001528,0.000361,0.04,0
SYN-CA-015521,0.973201,0.965359,96.54,1
SYN-CA-012029,0.002408,0.0006,0.06,0
SYN-CA-009390,0.024539,0.008171,0.82,0
SYN-CA-028362,0.004201,0.00112,0.11,0
SYN-CA-018006,0.30475,0.167063,16.71,0
SYN-CA-018010,0.01823,0.005834,0.58,0
SYN-CA-015814,0.02092,0.006818,0.68,0
SYN-CA-002934,0.323271,0.180862,18.09,0
SYN-CA-007411,0.018113,0.005792,0.58,0
SYN-CA-013619,0.072634,0.028462,2.85,0
SYN-CA-015902,0.004342,0.001162,0.12,0
SYN-CA-012566,0.981601,0.977183,97.72,1
SYN-CA-007132,0.989668,0.988002,98.8,1
SYN-CA-007133,0.144584,0.064701,6.47,0
SYN-CA-003914,0.998273,0.998372,99.84,1
SYN-CA-015573,0.391416,0.235359,23.54,0
SYN-CA-001800,0.003661,0.00096,0.1,0
SYN-CA-021697,0.002112,0.000518,0.05,0
SYN-CA-022358,0.262711,0.13729,13.73,0
SYN-CA-021062,0.020333,0.006602,0.66,0
SYN-CA-005875,0.98946,0.987731,98.77,1
SYN-CA-025756,0.713845,0.583187,58.32,1
SYN-CA-019025,0.001417,0.000332,0.03,0
SYN-CA-002681,0.943079,0.920624,92.06,1
SYN-CA-007423,0.592296,0.433378,43.34,0
SYN-CA-006135,0.002934,0.000749,0.07,0
SYN-CA-029365,0.98375,0.980127,98.01,1
SYN-CA-027174,0.018058,0.005772,0.58,0
SYN-CA-030466,0.002336,0.00058,0.06,0
SYN-CA-021163,0.870624,0.809133,80.91,1
SYN-CA-014558,0.149658,0.067489,6.75,0
SYN-CA-033151,0.010977,0.003292,0.33,0
SYN-CA-021553,0.124263,0.053835,5.38,0
SYN-CA-029231,0.982371,0.978242,97.82,1
SYN-CA-011767,0.990372,0.988909,98.89,1
SYN-CA-033351,0.856148,0.787042,78.7,1
SYN-CA-015157,0.076919,0.03044,3.04,0
SYN-CA-013663,0.610063,0.453808,45.38,0
SYN-CA-022015,0.001879,0.000455,0.05,0
SYN-CA-033981,0.262545,0.137177,13.72,0
SYN-CA-033983,0.003624,0.000949,0.09,0
SYN-CA-030581,0.038728,0.01375,1.37,0
SYN-CA-024235,0.155274,0.07061,7.06,0
SYN-CA-010323,0.030776,0.010573,1.06,0
SYN-CA-025156,0.126131,0.054813,5.48,0
SYN-CA-025158,0.99212,0.991132,99.11,1
SYN-CA-015378,0.921301,0.887242,88.72,1
SYN-CA-008666,0.855139,0.785508,78.55,1
SYN-CA-011698,0.07697,0.030463,3.05,0
SYN-CA-026136,0.4635,0.299718,29.97,0
SYN-CA-026137,0.992682,0.991834,99.18,1
SYN-CA-028535,0.853364,0.782813,78.28,1
SYN-CA-002841,0.068109,0.026401,2.64,0
SYN-CA-026429,0.002935,0.000749,0.07,0
SYN-CA-007442,0.967723,0.957442,95.74,1
SYN-CA-032225,0.861951,0.795878,79.59,1
SYN-CA-006610,0.036108,0.01269,1.27,0
SYN-CA-023587,0.96903,0.959342,95.93,1
SYN-CA-023589,0.00179,0.000431,0.04,0
SYN-CA-013636,0.795765,0.697194,69.72,1
SYN-CA-032556,0.997693,0.997751,99.78,1
SYN-CA-000759,0.005289,0.001449,0.14,0
SYN-CA-017052,0.004689,0.001266,0.13,0
SYN-CA-033222,0.337541,0.191783,19.18,0
SYN-CA-019341,0.617867,0.46294,46.29,0
SYN-CA-008265,0.112108,0.047567,4.76,0
SYN-CA-002043,0.121863,0.052583,5.26,0
SYN-CA-029874,0.32335,0.180921,18.09,0
SYN-CA-016613,0.00494,0.001343,0.13,0
SYN-CA-005243,0.080459,0.032091,3.21,0
SYN-CA-005245,0.010323,0.003072,0.31,0
SYN-CA-022791,0.989002,0.987136,98.71,1
SYN-CA-022794,0.001803,0.000434,0.04,0
SYN-CA-006472,0.097097,0.040072,4.01,0
SYN-CA-022967,0.940194,0.916231,91.62,1
SYN-CA-001056,0.001943,0.000472,0.05,0
SYN-CA-001301,0.982458,0.978361,97.84,1
SYN-CA-032394,0.364157,0.212843,21.28,0
SYN-CA-032395,0.992063,0.991059,99.11,1
SYN-CA-009330,0.327966,0.184427,18.44,0
SYN-CA-003933,0.964872,0.953271,95.33,1
SYN-CA-005715,0.959553,0.945415,94.54,1
SYN-CA-005472,0.002806,0.000713,0.07,0
SYN-CA-002782,0.00221,0.000545,0.05,0
SYN-CA-000652,0.075328,0.029702,2.97,0
SYN-CA-006372,0.004543,0.001222,0.12,0
SYN-CA-000027,0.993283,0.992579,99.26,1
SYN-CA-017440,0.993917,0.993356,99.34,1
SYN-CA-010944,0.024102,0.008006,0.8,0
SYN-CA-010945,0.002,0.000488,0.05,0
SYN-CA-027248,0.026122,0.008772,0.88,0
SYN-CA-010772,0.003877,0.001023,0.1,0
SYN-CA-009106,0.06377,0.024451,2.45,0
SYN-CA-024170,0.289854,0.156269,15.63,0
SYN-CA-030480,0.99614,0.996002,99.6,1
SYN-CA-000142,0.003809,0.001003,0.1,0
SYN-CA-003416,0.006704,0.001891,0.19,0
SYN-CA-025544,0.034018,0.011854,1.19,0
SYN-CA-024327,0.753779,0.637511,63.75,1
SYN-CA-024330,0.824001,0.738682,73.87,1
SYN-CA-014011,0.01694,0.00537,0.54,0
SYN-CA-001233,0.04794,0.017571,1.76,0
SYN-CA-021652,0.01176,0.003557,0.36,0
SYN-CA-004873,0.006511,0.00183,0.18,0
SYN-CA-020728,0.08487,0.034172,3.42,0
SYN-CA-031234,0.001972,0.00048,0.05,0
SYN-CA-010982,0.010124,0.003005,0.3,0
SYN-CA-010985,0.002584,0.00065,0.06,0
SYN-CA-003899,0.002471,0.000618,0.06,0
SYN-CA-021330,0.089773,0.036515,3.65,0
SYN-CA-028698,0.607337,0.450641,45.06,0
SYN-CA-000908,0.923406,0.890485,89.05,1
SYN-CA-006578,0.003561,0.000931,0.09,0
SYN-CA-004630,0.012498,0.00381,0.38,0
SYN-CA-004197,0.001563,0.00037,0.04,0
SYN-CA-033391,0.308802,0.170045,17.0,0
SYN-CA-000765,0.006016,0.001675,0.17,0
SYN-CA-024937,0.001698,0.000406,0.04,0
SYN-CA-008572,0.100128,0.041563,4.16,0
SYN-CA-012120,0.996752,0.996703,99.67,1
SYN-CA-006101,0.880357,0.82407,82.41,1
SYN-CA-006103,0.974319,0.966957,96.7,1
SYN-CA-033817,0.003254,0.000841,0.08,0
SYN-CA-014438,0.829735,0.747226,74.72,1
SYN-CA-005598,0.624684,0.470995,47.1,0
SYN-CA-005600,0.71019,0.578339,57.83,1
SYN-CA-014722,0.012176,0.003699,0.37,0
SYN-CA-015374,0.35977,0.20931,20.93,0
SYN-CA-009321,0.823175,0.737454,73.75,1
SYN-CA-033640,0.273285,0.144579,14.46,0
SYN-CA-034206,0.030381,0.010418,1.04,0
SYN-CA-003175,0.970072,0.960853,96.09,1
SYN-CA-019423,0.001391,0.000325,0.03,0
SYN-CA-012850,0.854868,0.785096,78.51,1
SYN-CA-000153,0.900416,0.854996,85.5,1
SYN-CA-002804,0.0019,0.000461,0.05,0
SYN-CA-032742,0.520429,0.355734,35.57,0
SYN-CA-032010,0.008714,0.002539,0.25,0
SYN-CA-010700,0.002099,0.000515,0.05,0
SYN-CA-026748,0.016935,0.005368,0.54,0
SYN-CA-026749,0.096931,0.03999,4.0,0
SYN-CA-012326,0.052409,0.019475,1.95,0
SYN-CA-001447,0.002219,0.000548,0.05,0
SYN-CA-024474,0.053679,0.020022,2.0,0
SYN-CA-021637,0.97101,0.962208,96.22,1
SYN-CA-019626,0.998267,0.998366,99.84,1
SYN-CA-006444,0.0786,0.031222,3.12,0
SYN-CA-008915,0.99797,0.99805,99.8,1
SYN-CA-034367,0.008989,0.002629,0.26,0
SYN-CA-026910,0.014216,0.004405,0.44,0
SYN-CA-027759,0.995315,0.995037,99.5,1
SYN-CA-014999,0.45874,0.295245,29.52,0
SYN-CA-002204,0.007594,0.002175,0.22,0
SYN-CA-033932,0.00655,0.001843,0.18,0
SYN-CA-024453,0.114851,0.048966,4.9,0
SYN-CA-002508,0.035378,0.012396,1.24,0
SYN-CA-031468,0.918162,0.882401,88.24,1
SYN-CA-028916,0.044281,0.016036,1.6,0
SYN-CA-028919,0.00194,0.000472,0.05,0
SYN-CA-002666,0.001219,0.00028,0.03,0
SYN-CA-003395,0.989191,0.987382,98.74,1
SYN-CA-017462,0.989819,0.988197,98.82,1
SYN-CA-033080,0.002227,0.00055,0.06,0
SYN-CA-033044,0.454632,0.291412,29.14,0
SYN-CA-005452,0.911351,0.871887,87.19,1
SYN-CA-032098,0.002061,0.000504,0.05,0
SYN-CA-014259,0.497899,0.332999,33.3,0
SYN-CA-009629,0.001847,0.000446,0.04,0
SYN-CA-013573,0.034869,0.012193,1.22,0
SYN-CA-020413,0.725689,0.599042,59.9,1
SYN-CA-004099,0.947665,0.927581,92.76,1
SYN-CA-010283,0.471699,0.307495,30.75,0
SYN-CA-010284,0.375911,0.222433,22.24,0
SYN-CA-005070,0.013588,0.004186,0.42,0
SYN-CA-013560,0.066599,0.025719,2.57,0
SYN-CA-015658,0.070297,0.027394,2.74,0
SYN-CA-030500,0.001393,0.000326,0.03,0
SYN-CA-003684,0.004809,0.001303,0.13,0
SYN-CA-031826,0.002378,0.000592,0.06,0
SYN-CA-031827,0.982243,0.978066,97.81,1
SYN-CA-023896,0.612789,0.456987,45.7,0
SYN-CA-015117,0.991058,0.989787,98.98,1
SYN-CA-017848,0.028403,0.009649,0.96,0
SYN-CA-020511,0.993704,0.993096,99.31,1
SYN-CA-006265,0.998463,0.998571,99.86,1
SYN-CA-005641,0.016714,0.005289,0.53,0
SYN-CA-009556,0.057089,0.021502,2.15,0
SYN-CA-002108,0.016793,0.005317,0.53,0
SYN-CA-031757,0.184759,0.087587,8.76,0
SYN-CA-002649,0.403601,0.245741,24.57,0
SYN-CA-001676,0.002055,0.000503,0.05,0
SYN-CA-000917,0.001949,0.000474,0.05,0
SYN-CA-025876,0.001697,0.000406,0.04,0
SYN-CA-028849,0.997223,0.997233,99.72,1
SYN-CA-021459,0.002974,0.00076,0.08,0
SYN-CA-029927,0.052473,0.019502,1.95,0
SYN-CA-005672,0.064226,0.024655,2.47,0
SYN-CA-007746,0.992616,0.991752,99.18,1
SYN-CA-017770,0.998463,0.998571,99.86,1
SYN-CA-013269,0.127557,0.055563,5.56,0
SYN-CA-029777,0.94863,0.92904,92.9,1
SYN-CA-002400,0.010418,0.003104,0.31,0
SYN-CA-016078,0.927407,0.896642,89.66,1
SYN-CA-015349,0.05957,0.022589,2.26,0
SYN-CA-012581,0.001582,0.000375,0.04,0
SYN-CA-000164,0.044964,0.016321,1.63,0
SYN-CA-033828,0.053731,0.020044,2.0,0
SYN-CA-008500,0.069824,0.027179,2.72,0
SYN-CA-011283,0.998605,0.998717,99.87,1
SYN-CA-024483,0.001885,0.000456,0.05,0
SYN-CA-009198,0.005465,0.001504,0.15,0
SYN-CA-024285,0.697174,0.561247,56.12,1
SYN-CA-012941,0.957726,0.942697,94.27,1
SYN-CA-008244,0.167383,0.077462,7.75,0
SYN-CA-005262,0.990625,0.989234,98.92,1
SYN-CA-000520,0.994684,0.994284,99.43,1
SYN-CA-029967,0.054621,0.020429,2.04,0
SYN-CA-020378,0.184691,0.087547,8.75,0
SYN-CA-020379,0.001998,0.000487,0.05,0
SYN-CA-026055,0.039986,0.014263,1.43,0
SYN-CA-001272,0.001184,0.000271,0.03,0
SYN-CA-012263,0.001477,0.000347,0.03,0
SYN-CA-022710,0.001417,0.000332,0.03,0
SYN-CA-009781,0.09349,0.038312,3.83,0
SYN-CA-001706,0.187218,0.089048,8.9,0
SYN-CA-014237,0.316367,0.175668,17.57,0
SYN-CA-013478,0.002042,0.000499,0.05,0
SYN-CA-021763,0.008264,0.002392,0.24,0
SYN-CA-019788,0.134831,0.059426,5.94,0
SYN-CA-019789,0.934755,0.90792,90.79,1
SYN-CA-018816,0.985668,0.98272,98.27,1
SYN-CA-007569,0.997577,0.997624,99.76,1
SYN-CA-004230,0.965819,0.95466,95.47,1
SYN-CA-030589,0.367954,0.215921,21.59,0
SYN-CA-003277,0.119634,0.051427,5.14,0
SYN-CA-004893,0.993913,0.993351,99.34,1
SYN-CA-013036,0.779047,0.673127,67.31,1
SYN-CA-011701,0.998243,0.998341,99.83,1
SYN-CA-003478,0.087537,0.035443,3.54,0
SYN-CA-001236,0.998209,0.998305,99.83,1
SYN-CA-019600,0.025699,0.008611,0.86,0
SYN-CA-021195,0.14471,0.06477,6.48,0
SYN-CA-027624,0.002006,0.000489,0.05,0
SYN-CA-012482,0.576239,0.415341,41.53,0
SYN-CA-018112,0.001676,0.0004,0.04,0
SYN-CA-005698,0.979756,0.974626,97.46,1
SYN-CA-018903,0.001398,0.000327,0.03,0
SYN-CA-034675,0.822308,0.736167,73.62,1
SYN-CA-015877,0.221975,0.110439,11.04,0
SYN-CA-003488,0.002127,0.000523,0.05,0
SYN-CA-013920,0.958331,0.943598,94.36,1
SYN-CA-022409,0.337866,0.192035,19.2,0
SYN-CA-009710,0.008943,0.002614,0.26,0
SYN-CA-012900,0.030838,0.010597,1.06,0
SYN-CA-029057,0.951882,0.933943,93.39,1
SYN-CA-033529,0.149222,0.067249,6.72,0
SYN-CA-022643,0.982343,0.978203,97.82,1
SYN-CA-007737,0.021235,0.006935,0.69,0
SYN-CA-007739,0.001276,0.000295,0.03,0
SYN-CA-007433,0.453371,0.29024,29.02,0
SYN-CA-007435,0.131622,0.057714,5.77,0
SYN-CA-011447,0.37833,0.224429,22.44,0
SYN-CA-011449,0.096324,0.039693,3.97,0
SYN-CA-029802,0.049539,0.018248,1.82,0
SYN-CA-005879,0.744029,0.624021,62.4,1
SYN-CA-006856,0.976826,0.970515,97.05,1
SYN-CA-015199,0.997995,0.998076,99.81,1
SYN-CA-021052,0.206297,0.100618,10.06,0
SYN-CA-008485,0.005666,0.001566,0.16,0
SYN-CA-020861,0.001618,0.000385,0.04,0
SYN-CA-001313,0.976387,0.969895,96.99,1
SYN-CA-014143,0.993185,0.992458,99.25,1
SYN-CA-024637,0.022638,0.007456,0.75,0
SYN-CA-024640,0.01854,0.005947,0.59,0
SYN-CA-013687,0.976949,0.970689,97.07,1
SYN-CA-033006,0.20215,0.098067,9.81,0
SYN-CA-033650,0.297164,0.161532,16.15,0
SYN-CA-023726,0.618913,0.464171,46.42,0
SYN-CA-021471,0.995747,0.995545,99.55,1
SYN-CA-001156,0.984016,0.980488,98.05,1
SYN-CA-008879,0.017846,0.005695,0.57,0
SYN-CA-008517,0.002257,0.000558,0.06,0
SYN-CA-008518,0.005282,0.001447,0.14,0
SYN-CA-029503,0.994075,0.993549,99.35,1
SYN-CA-008025,0.239377,0.121672,12.17,0
SYN-CA-008344,0.033976,0.011837,1.18,0
SYN-CA-004065,0.029808,0.010195,1.02,0
SYN-CA-010465,0.110123,0.04656,4.66,0
SYN-CA-032990,0.166912,0.077192,7.72,0
SYN-CA-009761,0.001664,0.000397,0.04,0
SYN-CA-028395,0.972204,0.963928,96.39,1
SYN-CA-024110,0.001508,0.000356,0.04,0
SYN-CA-015419,0.005213,0.001426,0.14,0
SYN-CA-003170,0.05111,0.018918,1.89,0
SYN-CA-025643,0.211218,0.10367,10.37,0
SYN-CA-003950,0.986302,0.983569,98.36,1
SYN-CA-028482,0.001635,0.000389,0.04,0
SYN-CA-027105,0.531121,0.366786,36.68,0
SYN-CA-025311,0.086212,0.034811,3.48,0
SYN-CA-032245,0.998352,0.998455,99.85,1
SYN-CA-004237,0.037462,0.013236,1.32,0
SYN-CA-006930,0.971645,0.963124,96.31,1
SYN-CA-016487,0.514633,0.349813,34.98,0
SYN-CA-009045,0.00807,0.002329,0.23,0
SYN-CA-018882,0.041241,0.014778,1.48,0
SYN-CA-013374,0.009215,0.002703,0.27,0
SYN-CA-026603,0.985967,0.983122,98.31,1
SYN-CA-001906,0.001165,0.000267,0.03,0
SYN-CA-032265,0.032854,0.011391,1.14,0
SYN-CA-020553,0.001472,0.000346,0.03,0
SYN-CA-000064,0.954671,0.938132,93.81,1
SYN-CA-026453,0.009173,0.00269,0.27,0
SYN-CA-027570,0.994493,0.994055,99.41,1
SYN-CA-011872,0.001976,0.000481,0.05,0
SYN-CA-029261,0.008995,0.002631,0.26,0
SYN-CA-029264,0.487907,0.323156,32.32,0
SYN-CA-002737,0.818739,0.730875,73.09,1
SYN-CA-019666,0.953712,0.936694,93.67,1
SYN-CA-002999,0.002212,0.000546,0.05,0
SYN-CA-001318,0.992911,0.992119,99.21,1
SYN-CA-032608,0.011247,0.003383,0.34,0
SYN-CA-007500,0.03289,0.011405,1.14,0
SYN-CA-003340,0.995657,0.99544,99.54,1
SYN-CA-006514,0.010646,0.00318,0.32,0
SYN-CA-015848,0.002105,0.000516,0.05,0
SYN-CA-011592,0.318482,0.177253,17.73,0
SYN-CA-004952,0.102936,0.042954,4.3,0
SYN-CA-004954,0.205568,0.100168,10.02,0
SYN-CA-026151,0.342283,0.19547,19.55,0
SYN-CA-026155,0.733221,0.609238,60.92,1
SYN-CA-031349,0.032323,0.011181,1.12,0
SYN-CA-024791,0.803069,0.707828,70.78,1
SYN-CA-024793,0.907986,0.86669,86.67,1
SYN-CA-015340,0.423712,0.263313,26.33,0
SYN-CA-021015,0.012577,0.003837,0.38,0
SYN-CA-031880,0.771453,0.662326,66.23,1
SYN-CA-010616,0.101851,0.042415,4.24,0
SYN-CA-025289,0.187673,0.089319,8.93,0
SYN-CA-021871,0.001399,0.000327,0.03,0
SYN-CA-022116,0.003163,0.000815,0.08,0
SYN-CA-004539,0.98735,0.984965,98.5,1
SYN-CA-020057,0.00391,0.001033,0.1,0
SYN-CA-008204,0.031856,0.010997,1.1,0
SYN-CA-022787,0.001436,0.000337,0.03,0
SYN-CA-029625,0.002083,0.00051,0.05,0
SYN-CA-006021,0.996757,0.996709,99.67,1
SYN-CA-013939,0.432321,0.271004,27.1,0
SYN-CA-011538,0.02061,0.006704,0.67,0
SYN-CA-011539,0.028883,0.009835,0.98,0
SYN-CA-025618,0.020598,0.006699,0.67,0
SYN-CA-031081,0.001595,0.000379,0.04,0
SYN-CA-007987,0.987029,0.984539,98.45,1
SYN-CA-020289,0.002796,0.00071,0.07,0
SYN-CA-013140,0.501581,0.336663,33.67,0
SYN-CA-007371,0.979149,0.973778,97.38,1
SYN-CA-007375,0.006911,0.001957,0.2,0
SYN-CA-000859,0.071167,0.027791,2.78,0
SYN-CA-027576,0.394695,0.238133,23.81,0
SYN-CA-002224,0.998327,0.998428,99.84,1
SYN-CA-011862,0.951067,0.932717,93.27,1
SYN-CA-013589,0.005897,0.001638,0.16,0
SYN-CA-026204,0.895135,0.846841,84.68,1
SYN-CA-028412,0.55527,0.392387,39.24,0
SYN-CA-001115,0.072854,0.028563,2.86,0
SYN-CA-017804,0.004083,0.001084,0.11,0
SYN-CA-000541,0.513529,0.348691,34.87,0
SYN-CA-000544,0.99804,0.998125,99.81,1
SYN-CA-018159,0.216433,0.106935,10.69,0
SYN-CA-012542,0.955288,0.939055,93.91,1
SYN-CA-032458,0.00434,0.001161,0.12,0
SYN-CA-007201,0.246415,0.126316,12.63,0
SYN-CA-009284,0.99868,0.998794,99.88,1
SYN-CA-006018,0.981034,0.976399,97.64,1
SYN-CA-011955,0.023952,0.007949,0.79,0
SYN-CA-034950,0.001544,0.000365,0.04,0
SYN-CA-021255,0.803973,0.709149,70.91,1
SYN-CA-002586,0.003962,0.001049,0.1,0
SYN-CA-031928,0.927848,0.897321,89.73,1
SYN-CA-014534,0.252915,0.130655,13.07,0
SYN-CA-003561,0.996115,0.995974,99.6,1
SYN-CA-009543,0.862808,0.797184,79.72,1
SYN-CA-032149,0.002278,0.000564,0.06,0
SYN-CA-004054,0.009119,0.002672,0.27,0
SYN-CA-011734,0.078411,0.031134,3.11,0
SYN-CA-032854,0.397029,0.240117,24.01,0
SYN-CA-020884,0.473184,0.308915,30.89,0
SYN-CA-028265,0.002654,0.00067,0.07,0
SYN-CA-013992,0.989076,0.987232,98.72,1
SYN-CA-012755,0.933219,0.905566,90.56,1
SYN-CA-026214,0.002479,0.00062,0.06,0
SYN-CA-029859,0.859566,0.792243,79.22,1
SYN-CA-014710,0.041598,0.014924,1.49,0
SYN-CA-019213,0.001571,0.000372,0.04,0
SYN-CA-019215,0.988507,0.986488,98.65,1
SYN-CA-026656,0.27446,0.145397,14.54,0
SYN-CA-026658,0.829203,0.746432,74.64,1
SYN-CA-024626,0.003431,0.000893,0.09,0
SYN-CA-016090,0.027809,0.00942,0.94,0
SYN-CA-027062,0.005653,0.001562,0.16,0
SYN-CA-019659,0.676308,0.534407,53.44,1
SYN-CA-027259,0.009316,0.002737,0.27,0
SYN-CA-020898,0.05021,0.018534,1.85,0
SYN-CA-008932,0.009045,0.002648,0.26,0
SYN-CA-026509,0.006364,0.001784,0.18,0
SYN-CA-027421,0.002146,0.000528,0.05,0
SYN-CA-021673,0.041531,0.014897,1.49,0
SYN-CA-016105,0.001966,0.000479,0.05,0
SYN-CA-020087,0.059934,0.02275,2.27,0
SYN-CA-014113,0.007461,0.002133,0.21,0
SYN-CA-017593,0.003419,0.000889,0.09,0
SYN-CA-000458,0.957748,0.94273,94.27,1
SYN-CA-005444,0.992747,0.991915,99.19,1
SYN-CA-022087,0.988467,0.986436,98.64,1
SYN-CA-026298,0.878562,0.821312,82.13,1
SYN-CA-016871,0.00206,0.000504,0.05,0
SYN-CA-005757,0.002558,0.000642,0.06,0
SYN-CA-026157,0.101608,0.042295,4.23,0
SYN-CA-026159,0.998312,0.998413,99.84,1
SYN-CA-031163,0.002742,0.000694,0.07,0
SYN-CA-034987,0.040607,0.014517,1.45,0
SYN-CA-020077,0.004855,0.001317,0.13,0
SYN-CA-019506,0.059485,0.022552,2.26,0
SYN-CA-019508,0.006672,0.001881,0.19,0
SYN-CA-030689,0.076144,0.03008,3.01,0
SYN-CA-012597,0.023298,0.007703,0.77,0
SYN-CA-024523,0.001356,0.000316,0.03,0
SYN-CA-009083,0.002288,0.000567,0.06,0
SYN-CA-003745,0.176533,0.082751,8.28,0
SYN-CA-003955,0.002357,0.000586,0.06,0
SYN-CA-019624,0.587664,0.428133,42.81,0
SYN-CA-020816,0.00149,0.000351,0.04,0
SYN-CA-021824,0.031201,0.010739,1.07,0
SYN-CA-028802,0.001773,0.000426,0.04,0
SYN-CA-006029,0.038876,0.01381,1.38,0
SYN-CA-027329,0.286939,0.154189,15.42,0
SYN-CA-007823,0.995981,0.995818,99.58,1
SYN-CA-019640,0.003061,0.000785,0.08,0
SYN-CA-015883,0.287032,0.154255,15.43,0
SYN-CA-021076,0.901159,0.856143,85.61,1
SYN-CA-015318,0.942613,0.919916,91.99,1
SYN-CA-025487,0.984681,0.98139,98.14,1
SYN-CA-027594,0.001456,0.000342,0.03,0
SYN-CA-010936,0.166756,0.077103,7.71,0
SYN-CA-022490,0.040241,0.014367,1.44,0
SYN-CA-002679,0.442856,0.280554,28.06,0
SYN-CA-022832,0.954372,0.937684,93.77,1
SYN-CA-034316,0.994265,0.993779,99.38,1
SYN-CA-034320,0.070644,0.027552,2.76,0
SYN-CA-001951,0.995254,0.994964,99.5,1
SYN-CA-023299,0.031737,0.01095,1.1,0
SYN-CA-023300,0.997655,0.997708,99.77,1
SYN-CA-030039,0.015489,0.004853,0.49,0
SYN-CA-021820,0.117933,0.050549,5.05,0
SYN-CA-007252,0.941526,0.918261,91.83,1
SYN-CA-003343,0.132283,0.058066,5.81,0
SYN-CA-023858,0.989004,0.987138,98.71,1
SYN-CA-020927,0.012597,0.003844,0.38,0
SYN-CA-020929,0.003567,0.000932,0.09,0
SYN-CA-008384,0.003905,0.001032,0.1,0
SYN-CA-002151,0.222107,0.110522,11.05,0
SYN-CA-031717,0.026145,0.008781,0.88,0
SYN-CA-005064,0.069088,0.026844,2.68,0
SYN-CA-005065,0.201913,0.097923,9.79,0
SYN-CA-028013,0.037303,0.013171,1.32,0
SYN-CA-016480,0.85856,0.790711,79.07,1
SYN-CA-029893,0.989252,0.987462,98.75,1
SYN-CA-030753,0.002061,0.000505,0.05,0
SYN-CA-028121,0.987908,0.985701,98.57,1
SYN-CA-009539,0.460983,0.297348,29.73,0
SYN-CA-025611,0.002657,0.00067,0.07,0
SYN-CA-025613,0.003835,0.001011,0.1,0
SYN-CA-018965,0.979715,0.974568,97.46,1
SYN-CA-021121,0.126298,0.054901,5.49,0
SYN-CA-031400,0.164751,0.075958,7.6,0
SYN-CA-027835,0.003939,0.001042,0.1,0
SYN-CA-007471,0.998018,0.998102,99.81,1
SYN-CA-007473,0.00912,0.002672,0.27,0
SYN-CA-030032,0.010945,0.003281,0.33,0
SYN-CA-027147,0.005089,0.001388,0.14,0
SYN-CA-027581,0.026738,0.009008,0.9,0
SYN-CA-024260,0.132069,0.057952,5.8,0
SYN-CA-027066,0.001709,0.000409,0.04,0
SYN-CA-020178,0.083691,0.033614,3.36,0
SYN-CA-018629,0.442985,0.280672,28.07,0
SYN-CA-018630,0.00121,0.000278,0.03,0
SYN-CA-004640,0.007399,0.002113,0.21,0
SYN-CA-012466,0.001219,0.00028,0.03,0
SYN-CA-012469,0.092813,0.037983,3.8,0
SYN-CA-015260,0.991224,0.989999,99.0,1
SYN-CA-010252,0.00238,0.000593,0.06,0
SYN-CA-025340,0.938836,0.914159,91.42,1
SYN-CA-012287,0.030801,0.010582,1.06,0
SYN-CA-014306,0.279682,0.149054,14.91,0
SYN-CA-026583,0.001536,0.000363,0.04,0
SYN-CA-005184,0.987251,0.984833,98.48,1
SYN-CA-005652,0.90925,0.868642,86.86,1
SYN-CA-005817,0.881438,0.825734,82.57,1
SYN-CA-000453,0.99102,0.989739,98.97,1
SYN-CA-013227,0.044986,0.01633,1.63,0
SYN-CA-030547,0.836703,0.75766,75.77,1
SYN-CA-005122,0.991128,0.989877,98.99,1
SYN-CA-018953,0.108804,0.045894,4.59,0
SYN-CA-022034,0.957252,0.941989,94.2,1
SYN-CA-002375,0.973432,0.96569,96.57,1
SYN-CA-008393,0.89113,0.840662,84.07,1
SYN-CA-015453,0.697803,0.562067,56.21,1
SYN-CA-015454,0.983646,0.979986,98.0,1
SYN-CA-024154,0.370764,0.218211,21.82,0
SYN-CA-008371,0.150023,0.067691,6.77,0
SYN-CA-023546,0.643208,0.493259,49.33,0
SYN-CA-000886,0.003048,0.000782,0.08,0
SYN-CA-013980,0.987178,0.984736,98.47,1
SYN-CA-001418,0.982574,0.97852,97.85,1
SYN-CA-009338,0.961895,0.948885,94.89,1
SYN-CA-009351,0.002091,0.000513,0.05,0
SYN-CA-006034,0.066349,0.025607,2.56,0
SYN-CA-012554,0.980752,0.976009,97.6,1
SYN-CA-031458,0.009076,0.002658,0.27,0
SYN-CA-023872,0.97051,0.961487,96.15,1
SYN-CA-012338,0.001547,0.000366,0.04,0
SYN-CA-012041,0.998277,0.998377,99.84,1
SYN-CA-019379,0.00179,0.000431,0.04,0
SYN-CA-017424,0.001757,0.000422,0.04,0
SYN-CA-015098,0.004291,0.001147,0.11,0
SYN-CA-015100,0.010254,0.003049,0.3,0
SYN-CA-033342,0.001435,0.000337,0.03,0
SYN-CA-032364,0.003508,0.000915,0.09,0
SYN-CA-027814,0.002409,0.000601,0.06,0
SYN-CA-029383,0.779276,0.673454,67.35,1
SYN-CA-004676,0.977705,0.971755,97.18,1
SYN-CA-013935,0.99239,0.991469,99.15,1
SYN-CA-033577,0.067929,0.02632,2.63,0
SYN-CA-009211,0.001587,0.000377,0.04,0
SYN-CA-030515,0.91088,0.87116,87.12,1
SYN-CA-008715,0.990541,0.989126,98.91,1
SYN-CA-022651,0.004173,0.001111,0.11,0
SYN-CA-024266,0.79178,0.691422,69.14,1
SYN-CA-006753,0.005725,0.001584,0.16,0
SYN-CA-003150,0.75614,0.640799,64.08,1
SYN-CA-026196,0.002044,0.0005,0.05,0
SYN-CA-001096,0.05674,0.02135,2.13,0
SYN-CA-031836,0.018877,0.006069,0.61,0
SYN-CA-016359,0.17208,0.080165,8.02,0
SYN-CA-029572,0.018097,0.005786,0.58,0
SYN-CA-020330,0.853663,0.783266,78.33,1
SYN-CA-005662,0.005386,0.001479,0.15,0
SYN-CA-027110,0.028656,0.009747,0.97,0
SYN-CA-028098,0.056047,0.021048,2.1,0
SYN-CA-031499,0.001217,0.00028,0.03,0
SYN-CA-007317,0.001347,0.000313,0.03,0
SYN-CA-028298,0.364916,0.213457,21.35,0
SYN-CA-025102,0.089849,0.036552,3.66,0
SYN-CA-011748,0.034176,0.011916,1.19,0
SYN-CA-001189,0.165838,0.076578,7.66,0
SYN-CA-014642,0.393299,0.236951,23.7,0
SYN-CA-016830,0.838535,0.760412,76.04,1
SYN-CA-001055,0.07475,0.029435,2.94,0
SYN-CA-002393,0.900339,0.854876,85.49,1
SYN-CA-009161,0.927553,0.896867,89.69,1
SYN-CA-003213,0.958846,0.944365,94.44,1
SYN-CA-004332,0.913039,0.874494,87.45,1
SYN-CA-027434,0.057433,0.021652,2.17,0
SYN-CA-017580,0.918937,0.883597,88.36,1
SYN-CA-024162,0.925667,0.893965,89.4,1
SYN-CA-018707,0.555005,0.392101,39.21,0
SYN-CA-024679,0.021531,0.007044,0.7,0
SYN-CA-029074,0.705527,0.572186,57.22,1
SYN-CA-018174,0.159483,0.072972,7.3,0
SYN-CA-005531,0.008042,0.00232,0.23,0
SYN-CA-000677,0.997996,0.998078,99.81,1
SYN-CA-021575,0.002312,0.000574,0.06,0
SYN-CA-023502,0.984986,0.981803,98.18,1
SYN-CA-009987,0.346579,0.198833,19.88,0
SYN-CA-009990,0.007317,0.002086,0.21,0
SYN-CA-027680,0.008696,0.002533,0.25,0
SYN-CA-031477,0.938244,0.913256,91.33,1
SYN-CA-033912,0.004894,0.001329,0.13,0
SYN-CA-010032,0.089933,0.036593,3.66,0
SYN-CA-010035,0.990139,0.98861,98.86,1
SYN-CA-034339,0.002047,0.000501,0.05,0
SYN-CA-004186,0.201084,0.097415,9.74,0
SYN-CA-016722,0.160073,0.073306,7.33,0
SYN-CA-012065,0.048858,0.017959,1.8,0
SYN-CA-003402,0.046492,0.016961,1.7,0
SYN-CA-016780,0.003782,0.000995,0.1,0
SYN-CA-005101,0.011281,0.003394,0.34,0
SYN-CA-011647,0.959748,0.945704,94.57,1
SYN-CA-031956,0.008481,0.002463,0.25,0
SYN-CA-006961,0.94766,0.927573,92.76,1
SYN-CA-031622,0.192816,0.0924,9.24,0
SYN-CA-013072,0.990062,0.988511,98.85,1
SYN-CA-015670,0.002425,0.000605,0.06,0
SYN-CA-015647,0.007089,0.002014,0.2,0
SYN-CA-029750,0.99776,0.997823,99.78,1
SYN-CA-028558,0.00374,0.000983,0.1,0
SYN-CA-026090,0.991134,0.989884,98.99,1
SYN-CA-012342,0.169735,0.078812,7.88,0
SYN-CA-032207,0.991601,0.990477,99.05,1
SYN-CA-018514,0.984455,0.981084,98.11,1
SYN-CA-029392,0.997972,0.998052,99.81,1
SYN-CA-021276,0.348496,0.200342,20.03,0
SYN-CA-007695,0.005441,0.001496,0.15,0
SYN-CA-023813,0.002059,0.000504,0.05,0
SYN-CA-008922,0.993399,0.992722,99.27,1
SYN-CA-030397,0.573485,0.412286,41.23,0
SYN-CA-030400,0.9528,0.935324,93.53,1
SYN-CA-000977,0.095722,0.039399,3.94,0
SYN-CA-034481,0.002287,0.000567,0.06,0
SYN-CA-027121,0.003258,0.000842,0.08,0
SYN-CA-021395,0.893188,0.843837,84.38,1
SYN-CA-007341,0.856696,0.787875,78.79,1
SYN-CA-022891,0.051059,0.018896,1.89,0
SYN-CA-017603,0.001722,0.000413,0.04,0
SYN-CA-004390,0.849319,0.776681,77.67,1
SYN-CA-017072,0.120479,0.051864,5.19,0
SYN-CA-027462,0.002454,0.000613,0.06,0
SYN-CA-034467,0.002439,0.000609,0.06,0
SYN-CA-008312,0.414223,0.254954,25.5,0
SYN-CA-029711,0.011534,0.00348,0.35,0
SYN-CA-029714,0.129568,0.056625,5.66,0
SYN-CA-026262,0.006575,0.00185,0.19,0
SYN-CA-006937,0.003565,0.000932,0.09,0
SYN-CA-015241,0.22223,0.1106,11.06,0
SYN-CA-015365,0.006594,0.001856,0.19,0
SYN-CA-029467,0.094846,0.038971,3.9,0
SYN-CA-029470,0.013813,0.004265,0.43,0
SYN-CA-018211,0.699731,0.564583,56.46,1
SYN-CA-018214,0.033131,0.011501,1.15,0
SYN-CA-016536,0.13725,0.060724,6.07,0
SYN-CA-019382,0.001515,0.000357,0.04,0
SYN-CA-010768,0.00527,0.001444,0.14,0
SYN-CA-013276,0.86298,0.797448,79.74,1
SYN-CA-031372,0.003544,0.000926,0.09,0
SYN-CA-032054,0.043451,0.015691,1.57,0
SYN-CA-005075,0.976829,0.97052,97.05,1
SYN-CA-010207,0.163048,0.07499,7.5,0
SYN-CA-001208,0.997165,0.997168,99.72,1
SYN-CA-004346,0.750757,0.633315,63.33,1
SYN-CA-032946,0.731353,0.606702,60.67,1
SYN-CA-016627,0.3257,0.182702,18.27,0
SYN-CA-019537,0.92751,0.8968,89.68,1
SYN-CA-013899,0.993403,0.992726,99.27,1
SYN-CA-034281,0.111119,0.047065,4.71,0
SYN-CA-031107,0.319324,0.177885,17.79,0
SYN-CA-017358,0.149929,0.067639,6.76,0
SYN-CA-019702,0.041898,0.015048,1.5,0
SYN-CA-016424,0.100007,0.041503,4.15,0
SYN-CA-023328,0.140999,0.062749,6.27,0
SYN-CA-007076,0.337896,0.192058,19.21,0
SYN-CA-026594,0.035223,0.012335,1.23,0
SYN-CA-028776,0.001652,0.000394,0.04,0
SYN-CA-028572,0.421608,0.261449,26.14,0
SYN-CA-028575,0.499356,0.334446,33.44,0
SYN-CA-000158,0.002361,0.000587,0.06,0
SYN-CA-018142,0.024709,0.008235,0.82,0
SYN-CA-033290,0.01125,0.003384,0.34,0
SYN-CA-020531,0.00513,0.001401,0.14,0
SYN-CA-015016,0.905502,0.862852,86.29,1
SYN-CA-021386,0.969943,0.960666,96.07,1
SYN-CA-011476,0.998243,0.998341,99.83,1
SYN-CA-034546,0.157145,0.071657,7.17,0
SYN-CA-034550,0.059993,0.022776,2.28,0
SYN-CA-025492,0.00151,0.000356,0.04,0
SYN-CA-025493,0.003657,0.000959,0.1,0
SYN-CA-031646,0.003228,0.000834,0.08,0
SYN-CA-031649,0.014453,0.004488,0.45,0
SYN-CA-017836,0.010747,0.003214,0.32,0
SYN-CA-009657,0.996209,0.996082,99.61,1
SYN-CA-010211,0.946615,0.925992,92.6,1
SYN-CA-028812,0.79182,0.691479,69.15,1
SYN-CA-008299,0.010431,0.003108,0.31,0
SYN-CA-034661,0.00393,0.001039,0.1,0
SYN-CA-031120,0.022209,0.007296,0.73,0
SYN-CA-021616,0.231868,0.116782,11.68,0
SYN-CA-017990,0.995746,0.995544,99.55,1
SYN-CA-011015,0.9803,0.975382,97.54,1
SYN-CA-019553,0.967851,0.957628,95.76,1
SYN-CA-014116,0.304091,0.16658,16.66,0
SYN-CA-014117,0.031537,0.010871,1.09,0
SYN-CA-019796,0.99808,0.998168,99.82,1
SYN-CA-027981,0.180503,0.085075,8.51,0
SYN-CA-000774,0.99811,0.9982,99.82,1
SYN-CA-016867,0.053378,0.019892,1.99,0
SYN-CA-034516,0.00211,0.000518,0.05,0
SYN-CA-008079,0.003414,0.000888,0.09,0
SYN-CA-001683,0.991049,0.989776,98.98,1
SYN-CA-029424,0.009527,0.002807,0.28,0
SYN-CA-017934,0.992505,0.991614,99.16,1
SYN-CA-017935,0.965136,0.953658,95.37,1
SYN-CA-011681,0.001533,0.000362,0.04,0
SYN-CA-029949,0.983975,0.980433,98.04,1
SYN-CA-027779,0.003245,0.000838,0.08,0
SYN-CA-021591,0.002595,0.000653,0.07,0
SYN-CA-006141,0.985065,0.981909,98.19,1
SYN-CA-027252,0.111606,0.047311,4.73,0
SYN-CA-017263,0.002068,0.000506,0.05,0
SYN-CA-027406,0.001338,0.000311,0.03,0
SYN-CA-000731,0.009689,0.00286,0.29,0
SYN-CA-000734,0.581707,0.421438,42.14,0
SYN-CA-008015,0.772548,0.663877,66.39,1
SYN-CA-012522,0.98852,0.986506,98.65,1
SYN-CA-001550,0.112343,0.047686,4.77,0
SYN-CA-032725,0.128767,0.056201,5.62,0
SYN-CA-019053,0.080477,0.0321,3.21,0
SYN-CA-023024,0.109156,0.046071,4.61,0
SYN-CA-001607,0.003398,0.000883,0.09,0
SYN-CA-018133,0.004447,0.001193,0.12,0
SYN-CA-012373,0.002003,0.000489,0.05,0
SYN-CA-009789,0.012866,0.003937,0.39,0
SYN-CA-004915,0.001463,0.000344,0.03,0
SYN-CA-027054,0.35419,0.204851,20.49,0
SYN-CA-020792,0.004819,0.001306,0.13,0
SYN-CA-017068,0.538154,0.374151,37.42,0
SYN-CA-004931,0.3055,0.167613,16.76,0
SYN-CA-004932,0.530027,0.365648,36.56,0
SYN-CA-024906,0.534525,0.370341,37.03,0
SYN-CA-011346,0.00224,0.000554,0.06,0
SYN-CA-012304,0.9696,0.96017,96.02,1
SYN-CA-001410,0.001977,0.000482,0.05,0
SYN-CA-021682,0.002003,0.000489,0.05,0
SYN-CA-034711,0.697252,0.561349,56.13,1
SYN-CA-023318,0.99788,0.997953,99.8,1
SYN-CA-028562,0.020418,0.006633,0.66,0
SYN-CA-004588,0.021772,0.007133,0.71,0
SYN-CA-008776,0.00988,0.002924,0.29,0
SYN-CA-015468,0.002671,0.000674,0.07,0
SYN-CA-008906,0.00271,0.000685,0.07,0
SYN-CA-004123,0.989675,0.988011,98.8,1
SYN-CA-012487,0.938757,0.914038,91.4,1
SYN-CA-033544,0.974138,0.966699,96.67,1
SYN-CA-002060,0.006181,0.001726,0.17,0
SYN-CA-004993,0.005138,0.001403,0.14,0
SYN-CA-029050,0.001836,0.000443,0.04,0
SYN-CA-011377,0.01667,0.005273,0.53,0
SYN-CA-016313,0.714348,0.583856,58.39,1
SYN-CA-019064,0.364961,0.213493,21.35,0
SYN-CA-002303,0.00698,0.001979,0.2,0
SYN-CA-011775,0.028725,0.009774,0.98,0
SYN-CA-031832,0.113996,0.048529,4.85,0
SYN-CA-016317,0.002747,0.000696,0.07,0
SYN-CA-016320,0.495192,0.330318,33.03,0
SYN-CA-022185,0.00483,0.001309,0.13,0
SYN-CA-006998,0.014542,0.004519,0.45,0
SYN-CA-006999,0.955756,0.939755,93.98,1
SYN-CA-020710,0.0023,0.000571,0.06,0
SYN-CA-026621,0.625189,0.471595,47.16,0
SYN-CA-004761,0.005477,0.001507,0.15,0
SYN-CA-004762,0.937604,0.912277,91.23,1
SYN-CA-017316,0.992491,0.991595,99.16,1
SYN-CA-012932,0.002132,0.000524,0.05,0
SYN-CA-012934,0.878246,0.820826,82.08,1
SYN-CA-020358,0.033199,0.011528,1.15,0
SYN-CA-010160,0.017737,0.005656,0.57,0
SYN-CA-025395,0.963646,0.951468,95.15,1
SYN-CA-018799,0.00344,0.000895,0.09,0
SYN-CA-033323,0.137606,0.060915,6.09,0
SYN-CA-018775,0.97188,0.963462,96.35,1
SYN-CA-013486,0.078838,0.031333,3.13,0
SYN-CA-018534,0.015166,0.004739,0.47,0
SYN-CA-011069,0.896428,0.848837,84.88,1
SYN-CA-031280,0.032875,0.0114,1.14,0
SYN-CA-030242,0.994407,0.993951,99.4,1
SYN-CA-028169,0.036485,0.012842,1.28,0
SYN-CA-001030,0.001492,0.000351,0.04,0
SYN-CA-010124,0.924014,0.891421,89.14,1
SYN-CA-019816,0.002589,0.000651,0.07,0
SYN-CA-019803,0.166861,0.077163,7.72,0
SYN-CA-021936,0.008926,0.002608,0.26,0
SYN-CA-015828,0.003479,0.000906,0.09,0
SYN-CA-011289,0.002188,0.000539,0.05,0
SYN-CA-024843,0.991237,0.990015,99.0,1
SYN-CA-006228,0.054857,0.020531,2.05,0
